,name,amount,
1,CryptoPunk 441,58.2,"($194,358)"
2,CryptoPunk 441,59.95,"($203,242)"
3,CryptoPunk 441,50,"($163,984)"
4,CryptoPunk 441,59.95,"($192,704)"
5,CryptoPunk 441,60.95,"($186,446)"
6,CryptoPunk 441,58,"($181,956)"
7,CryptoPunk 441,58,"($180,451)"
8,CryptoPunk 441,60.95,"($189,050)"
9,CryptoPunk 441,55,"($175,993)"
10,CryptoPunk 441,58.95,"($188,488)"
11,CryptoPunk 441,60.44,"($194,591)"
12,CryptoPunk 441,63.88,"($215,428)"
13,CryptoPunk 441,60,"($204,799)"
14,CryptoPunk 441,60,"($205,588)"
15,CryptoPunk 441,63.5,"($220,330)"
16,CryptoPunk 441,46.46,"($129,016)"
17,CryptoPunk 441,1,"($2,799)"
18,CryptoPunk 441,1,"($2,799)"
19,CryptoPunk 441,46.46,"($131,048)"
20,CryptoPunk 441,44.44,"($118,990)"
21,CryptoPunk 441,19,"($37,737)"
22,CryptoPunk 441,19,"($37,737)"
23,CryptoPunk 441,14.5,"($28,799)"
24,CryptoPunk 441,19.75,"($39,227)"
25,CryptoPunk 441,0,$0.00 
26,CryptoPunk 441,0,$0.00 
27,CryptoPunk 441,22.2,"($45,289)"
28,CryptoPunk 441,19.95,"($42,849)"
29,CryptoPunk 441,18.95,"($40,396)"
30,CryptoPunk 441,18.95,"($40,642)"
31,CryptoPunk 441,19.95,"($47,086)"
32,CryptoPunk 441,18,"($42,483)"
33,CryptoPunk 441,18,"($42,483)"
34,CryptoPunk 441,18.49,"($44,145)"
35,CryptoPunk 441,21.5,"($71,288)"
36,CryptoPunk 441,21.95,"($72,707)"
37,CryptoPunk 441,19.2,"($41,289)"
38,CryptoPunk 441,19.2,"($41,218)"
39,CryptoPunk 441,19.4,"($41,717)"
40,CryptoPunk 441,19.7,"($42,362)"
41,CryptoPunk 441,18.5,"($39,781)"
42,CryptoPunk 441,18.5,"($39,781)"
43,CryptoPunk 441,19.25,"($41,160)"
44,CryptoPunk 441,21.97,"($39,238)"
45,CryptoPunk 441,0.01,($2)
46,CryptoPunk 441,21.97,"($41,975)"
47,CryptoPunk 441,22.44,"($39,221)"
48,CryptoPunk 441,20,"($35,964)"
49,CryptoPunk 441,20,"($35,790)"
50,CryptoPunk 1482,62,"($209,641)"
51,CryptoPunk 1482,59.69,"($201,830)"
52,CryptoPunk 1482,59.69,"($201,839)"
53,CryptoPunk 1482,56,"($181,885)"
54,CryptoPunk 1482,60.69,"($187,286)"
55,CryptoPunk 1482,55,"($168,922)"
56,CryptoPunk 1482,61.95,"($187,124)"
57,CryptoPunk 1482,63,"($201,437)"
58,CryptoPunk 1482,56,"($179,056)"
59,CryptoPunk 1482,63,"($201,980)"
60,CryptoPunk 1482,64,"($213,289)"
61,CryptoPunk 1482,69,"($263,530)"
62,CryptoPunk 1482,71,"($269,161)"
63,CryptoPunk 1482,0,$0.00 
64,CryptoPunk 1482,0,$0.00 
65,CryptoPunk 1482,83,"($346,065)"
66,CryptoPunk 1482,83,"($385,228)"
67,CryptoPunk 1482,71,"($332,870)"
68,CryptoPunk 1482,71,"($344,161)"
69,CryptoPunk 1482,83,"($402,068)"
70,CryptoPunk 1482,86,"($413,851)"
71,CryptoPunk 1482,91,"($433,861)"
72,CryptoPunk 1482,109,"($382,097)"
73,CryptoPunk 1482,76,"($244,030)"
74,CryptoPunk 1482,76,"($251,327)"
75,CryptoPunk 1482,0.31,($69)
76,CryptoPunk 1482,0.31,($69)
77,CryptoPunk 1482,0.6,($114)
78,CryptoPunk 548,62.5,"($201,999)"
79,CryptoPunk 548,44.75,"($124,267)"
80,CryptoPunk 548,44.75,"($126,225)"
81,CryptoPunk 548,36.99,"($96,679)"
82,CryptoPunk 548,36.99,"($97,543)"
83,CryptoPunk 548,39.99,"($102,347)"
84,CryptoPunk 548,21.89,"($72,581)"
85,CryptoPunk 548,21.89,"($72,581)"
86,CryptoPunk 548,22.5,"($74,604)"
87,CryptoPunk 548,22.99,"($73,376)"
88,CryptoPunk 548,22.99,"($62,770)"
89,CryptoPunk 548,19,"($49,749)"
90,CryptoPunk 548,22.49,"($57,358)"
91,CryptoPunk 548,19,"($48,457)"
92,CryptoPunk 548,21.99,"($48,126)"
93,CryptoPunk 548,21.5,"($51,760)"
94,CryptoPunk 548,18.9,"($45,944)"
95,CryptoPunk 548,18.9,"($45,944)"
96,CryptoPunk 548,19.48,"($46,134)"
97,CryptoPunk 548,20.4,"($44,035)"
98,CryptoPunk 548,33,"($81,503)"
99,CryptoPunk 548,25,"($51,135)"
100,CryptoPunk 548,17,"($35,762)"
101,CryptoPunk 548,19.99,"($33,700)"
102,CryptoPunk 548,22.99,"($36,826)"
103,CryptoPunk 548,29.49,"($43,673)"
104,CryptoPunk 548,39.99,"($76,026)"
105,CryptoPunk 3802,63,"($211,930)"
106,CryptoPunk 3802,67.88,"($259,109)"
107,CryptoPunk 3802,71,"($270,235)"
108,CryptoPunk 3802,72,"($270,450)"
109,CryptoPunk 3802,50,"($204,160)"
110,CryptoPunk 3802,66,"($269,485)"
111,CryptoPunk 3802,50,"($204,454)"
112,CryptoPunk 3802,63.5,"($260,521)"
113,CryptoPunk 3802,59.88,"($239,109)"
114,CryptoPunk 3802,61,"($243,956)"
115,CryptoPunk 3802,77.77,"($306,011)"
116,CryptoPunk 3802,90,"($365,003)"
117,CryptoPunk 3802,80,"($333,644)"
118,CryptoPunk 3802,99.98,"($397,339)"
119,CryptoPunk 3802,155,"($665,877)"
120,CryptoPunk 3802,133,"($469,511)"
121,CryptoPunk 3802,149.89,"($533,635)"
122,CryptoPunk 3802,126.66,"($457,159)"
123,CryptoPunk 3802,124.12,"($479,072)"
124,CryptoPunk 3802,180,"($682,675)"
125,CryptoPunk 3802,122.22,"($462,912)"
126,CryptoPunk 3802,180.88,"($587,160)"
127,CryptoPunk 3802,120.2,"($375,531)"
128,CryptoPunk 3802,105.25,"($328,824)"
129,CryptoPunk 3802,89.66,"($287,986)"
130,CryptoPunk 3802,89,"($288,581)"
131,CryptoPunk 3802,90,"($297,140)"
132,CryptoPunk 3802,78,"($259,718)"
133,CryptoPunk 3802,80.88,"($269,634)"
134,CryptoPunk 3802,67.95,"($227,759)"
135,CryptoPunk 3802,67.95,"($226,174)"
136,CryptoPunk 3802,0.31,($69)
137,CryptoPunk 3802,0.31,($69)
138,CryptoPunk 3802,0.41,($93)
139,CryptoPunk 1915,63.5,"($215,277)"
140,CryptoPunk 1915,60.95,"($206,632)"
141,CryptoPunk 1915,60.95,"($206,090)"
142,CryptoPunk 1915,55,"($168,922)"
143,CryptoPunk 1915,62.95,"($189,231)"
144,CryptoPunk 1915,63,"($201,437)"
145,CryptoPunk 1915,56,"($179,056)"
146,CryptoPunk 1915,63,"($201,980)"
147,CryptoPunk 1915,59,"($201,986)"
148,CryptoPunk 1915,59,"($202,162)"
149,CryptoPunk 1915,58,"($198,735)"
150,CryptoPunk 1915,64,"($231,800)"
151,CryptoPunk 1915,68,"($259,673)"
152,CryptoPunk 1915,69,"($262,716)"
153,CryptoPunk 1915,70,"($262,590)"
154,CryptoPunk 1915,0,$0.00 
155,CryptoPunk 1915,0,$0.00 
156,CryptoPunk 1915,0,$0.00 
157,CryptoPunk 1915,0,$0.00 
158,CryptoPunk 1915,130,"($613,162)"
159,CryptoPunk 1915,111,"($376,795)"
160,CryptoPunk 1915,111,"($376,795)"
161,CryptoPunk 1915,114,"($397,614)"
162,CryptoPunk 1915,119,"($411,610)"
163,CryptoPunk 1915,144.44,"($509,597)"
164,CryptoPunk 1915,93.39,"($339,335)"
165,CryptoPunk 1915,93.39,"($330,155)"
166,CryptoPunk 1915,99.99,"($391,978)"
167,CryptoPunk 1915,118.68,"($462,101)"
168,CryptoPunk 1915,110.1,"($357,963)"
169,CryptoPunk 1915,110.1,"($356,274)"
170,CryptoPunk 7969,63.98,"($208,126)"
171,CryptoPunk 7969,64.98,"($248,140)"
172,CryptoPunk 7969,67.49,"($257,620)"
173,CryptoPunk 7969,69.49,"($264,577)"
174,CryptoPunk 7969,72.51,"($272,285)"
175,CryptoPunk 7969,69.42,"($265,949)"
176,CryptoPunk 7969,64,"($250,128)"
177,CryptoPunk 7969,64,"($254,894)"
178,CryptoPunk 7969,62,"($246,929)"
179,CryptoPunk 7969,69.42,"($281,922)"
180,CryptoPunk 7969,60.98,"($238,350)"
181,CryptoPunk 7969,60.98,"($240,012)"
182,CryptoPunk 7969,63.97,"($258,676)"
183,CryptoPunk 7969,60.02,"($242,703)"
184,CryptoPunk 7969,62.99,"($251,704)"
185,CryptoPunk 7969,60.02,"($233,962)"
186,CryptoPunk 7969,63.99,"($246,467)"
187,CryptoPunk 7969,89.99,"($389,227)"
188,CryptoPunk 7969,91.99,"($419,358)"
189,CryptoPunk 7969,119.99,"($425,533)"
190,CryptoPunk 7969,144.99,"($467,522)"
191,CryptoPunk 7969,97,"($314,662)"
192,CryptoPunk 7969,97,"($311,120)"
193,CryptoPunk 7969,25,"($53,529)"
194,CryptoPunk 7969,27,"($58,264)"
195,CryptoPunk 7969,32,"($53,448)"
196,CryptoPunk 7969,32,"($50,772)"
197,CryptoPunk 7969,2.75,($949)
198,CryptoPunk 7969,2.3,($796)
199,CryptoPunk 2124,58,"($180,568)"
200,CryptoPunk 2124,55,"($168,922)"
201,CryptoPunk 2124,48,"($152,191)"
202,CryptoPunk 2124,48,"($152,191)"
203,CryptoPunk 2124,23,"($74,710)"
204,CryptoPunk 2124,63.99,"($207,177)"
205,CryptoPunk 2971,52,"($168,683)"
206,CryptoPunk 2971,52,"($168,683)"
207,CryptoPunk 2971,23,"($71,504)"
208,CryptoPunk 2971,23,"($72,706)"
209,CryptoPunk 2971,64,"($205,892)"
210,CryptoPunk 2971,40,"($102,428)"
211,CryptoPunk 2971,24.5,"($43,730)"
212,CryptoPunk 2971,24.5,"($47,869)"
213,CryptoPunk 2971,19.8,"($36,543)"
214,CryptoPunk 2971,3.15,"($1,114)"
215,CryptoPunk 2971,2,($678)
216,CryptoPunk 2971,1.5,($564)
217,CryptoPunk 2971,1.5,($331)
218,CryptoPunk 5380,58,"($180,568)"
219,CryptoPunk 5380,58,"($186,748)"
220,CryptoPunk 5380,64,"($217,659)"
221,CryptoPunk 5380,74,"($277,604)"
222,CryptoPunk 5380,70,"($281,661)"
223,CryptoPunk 5380,150,"($484,447)"
224,CryptoPunk 5380,100,"($333,500)"
225,CryptoPunk 5380,49.9,"($153,529)"
226,CryptoPunk 5380,23.5,"($100,200)"
227,CryptoPunk 5380,29.9,"($61,515)"
228,CryptoPunk 5380,19.9,"($40,752)"
229,CryptoPunk 5380,19.9,"($41,134)"
230,CryptoPunk 5380,15.7,"($32,452)"
231,CryptoPunk 5380,15.7,"($32,361)"
232,CryptoPunk 5380,13,"($25,429)"
233,CryptoPunk 5380,14.75,"($28,852)"
234,CryptoPunk 5380,13,"($25,429)"
235,CryptoPunk 5380,14.75,"($28,852)"
236,CryptoPunk 5380,13.5,"($26,622)"
237,CryptoPunk 5380,13.5,"($26,351)"
238,CryptoPunk 5380,15.5,"($29,803)"
239,CryptoPunk 5380,22,"($40,403)"
240,CryptoPunk 3716,52,"($168,683)"
241,CryptoPunk 3716,52,"($168,683)"
242,CryptoPunk 3716,64.5,"($208,370)"
243,CryptoPunk 9828,64.95,"($219,625)"
244,CryptoPunk 9828,67.95,"($239,306)"
245,CryptoPunk 9828,68.95,"($262,383)"
246,CryptoPunk 9828,69.95,"($266,440)"
247,CryptoPunk 9828,71.95,"($266,236)"
248,CryptoPunk 9828,69.95,"($270,511)"
249,CryptoPunk 9828,71.95,"($292,920)"
250,CryptoPunk 9828,59,"($240,133)"
251,CryptoPunk 9828,69.95,"($282,774)"
252,CryptoPunk 9828,71.95,"($295,354)"
253,CryptoPunk 9828,64.8,"($266,003)"
254,CryptoPunk 9828,59,"($242,270)"
255,CryptoPunk 9828,64.8,"($266,086)"
256,CryptoPunk 9828,145,"($461,631)"
257,CryptoPunk 9828,185,"($600,453)"
258,CryptoPunk 9828,145,"($469,142)"
259,CryptoPunk 9828,135,"($436,787)"
260,CryptoPunk 9828,135,"($449,352)"
261,CryptoPunk 9828,250,"($837,160)"
262,CryptoPunk 9828,95,"($309,316)"
263,CryptoPunk 9828,85,"($256,919)"
264,CryptoPunk 9828,77.77,"($242,695)"
265,CryptoPunk 9828,95,"($291,149)"
266,CryptoPunk 9828,117,"($328,644)"
267,CryptoPunk 9828,58.97,"($165,642)"
268,CryptoPunk 9828,58.97,"($165,271)"
269,CryptoPunk 9828,43.5,"($113,065)"
270,CryptoPunk 9828,43.5,"($113,070)"
271,CryptoPunk 9828,54.5,"($146,122)"
272,CryptoPunk 9828,3.15,($745)
273,CryptoPunk 9828,1.5,($300)
274,CryptoPunk 9828,1.5,($300)
275,CryptoPunk 9828,1.89,($403)
276,CryptoPunk 9828,1.99,($377)
277,CryptoPunk 9828,2.99,($427)
278,CryptoPunk 9828,1.2,($172)
279,CryptoPunk 9828,0.8,($111)
280,CryptoPunk 9828,0.8,($111)
281,CryptoPunk 9828,0.4,($109)
282,CryptoPunk 9828,0.4,($109)
283,CryptoPunk 9828,1.2,($242)
284,CryptoPunk 5790,64.99,"($219,760)"
285,CryptoPunk 5790,74.99,"($305,203)"
286,CryptoPunk 5790,69.99,"($287,159)"
287,CryptoPunk 5790,57.7,"($230,221)"
288,CryptoPunk 5790,57.7,"($229,691)"
289,CryptoPunk 5790,61,"($237,832)"
290,CryptoPunk 5790,64,"($258,919)"
291,CryptoPunk 5790,67,"($256,822)"
292,CryptoPunk 5790,84,"($341,468)"
293,CryptoPunk 1139,65,"($217,350)"
294,CryptoPunk 1139,77,"($257,266)"
295,CryptoPunk 1139,99.88,"($426,936)"
296,CryptoPunk 1139,97,"($414,626)"
297,CryptoPunk 1139,97,"($422,063)"
298,CryptoPunk 1139,99.88,"($432,004)"
299,CryptoPunk 1139,101.99,"($440,448)"
300,CryptoPunk 1139,101.99,"($449,598)"
301,CryptoPunk 1139,105,"($453,909)"
302,CryptoPunk 1139,120,"($503,458)"
303,CryptoPunk 1139,135,"($558,756)"
304,CryptoPunk 1139,200,"($717,660)"
305,CryptoPunk 1139,97,"($348,065)"
306,CryptoPunk 1139,97,"($336,230)"
307,CryptoPunk 1139,97,"($286,164)"
308,CryptoPunk 1139,50.8,"($148,739)"
309,CryptoPunk 1139,50.8,"($153,373)"
310,CryptoPunk 1139,52.4,"($156,979)"
311,CryptoPunk 1139,72,"($224,605)"
312,CryptoPunk 1139,52.4,"($163,400)"
313,CryptoPunk 1139,61,"($177,529)"
314,CryptoPunk 1139,72,"($210,236)"
315,CryptoPunk 1139,123,"($339,772)"
316,CryptoPunk 1139,90,"($253,860)"
317,CryptoPunk 1139,50,"($141,033)"
318,CryptoPunk 1139,50,"($139,807)"
319,CryptoPunk 9713,65,"($219,128)"
320,CryptoPunk 9713,127,"($490,455)"
321,CryptoPunk 9713,260,"($830,029)"
322,CryptoPunk 9713,78.99,"($263,333)"
323,CryptoPunk 9713,78.99,"($250,146)"
324,CryptoPunk 9713,99.99,"($262,811)"
325,CryptoPunk 9713,49.99,"($125,387)"
326,CryptoPunk 9713,35.99,"($87,881)"
327,CryptoPunk 9713,24.99,"($53,482)"
328,CryptoPunk 9713,25.99,"($66,119)"
329,CryptoPunk 9713,18.95,"($29,014)"
330,CryptoPunk 9713,18.95,"($28,780)"
331,CryptoPunk 9713,32.45,"($52,804)"
332,CryptoPunk 9713,17.79,"($33,756)"
333,CryptoPunk 9713,1.2,($465)
334,CryptoPunk 9713,1.2,($465)
335,CryptoPunk 3836,65.95,"($223,007)"
336,CryptoPunk 3836,67.95,"($214,797)"
337,CryptoPunk 3836,60,"($190,561)"
338,CryptoPunk 3836,60,"($190,561)"
339,CryptoPunk 3836,75,"($284,325)"
340,CryptoPunk 3836,152,"($493,225)"
341,CryptoPunk 3836,152,"($493,345)"
342,CryptoPunk 3836,147,"($477,163)"
343,CryptoPunk 3836,122,"($396,013)"
344,CryptoPunk 3836,122,"($396,652)"
345,CryptoPunk 3836,100,"($332,853)"
346,CryptoPunk 3836,80,"($246,110)"
347,CryptoPunk 3836,5.5,"($16,152)"
348,CryptoPunk 3836,55,"($161,521)"
349,CryptoPunk 3836,5.5,"($16,146)"
350,CryptoPunk 3836,55,"($160,597)"
351,CryptoPunk 3836,65,"($181,171)"
352,CryptoPunk 3836,24,"($37,266)"
353,CryptoPunk 3836,24,"($32,301)"
354,CryptoPunk 983,60,"($186,734)"
355,CryptoPunk 983,66,"($208,897)"
356,CryptoPunk 983,165,"($756,343)"
357,CryptoPunk 983,150,"($717,038)"
358,CryptoPunk 983,250,"($857,513)"
359,CryptoPunk 983,165,"($477,234)"
360,CryptoPunk 983,135,"($521,444)"
361,CryptoPunk 983,110,"($434,950)"
362,CryptoPunk 983,125,"($443,142)"
363,CryptoPunk 983,135,"($464,277)"
364,CryptoPunk 983,150,"($512,574)"
365,CryptoPunk 983,155,"($494,825)"
366,CryptoPunk 983,175,"($558,673)"
367,CryptoPunk 983,250,"($809,878)"
368,CryptoPunk 983,148,"($480,704)"
369,CryptoPunk 983,148,"($480,362)"
370,CryptoPunk 9103,62,"($209,576)"
371,CryptoPunk 9103,62,"($200,294)"
372,CryptoPunk 9103,66.2,"($251,918)"
373,CryptoPunk 9103,60,"($240,229)"
374,CryptoPunk 9103,60,"($244,089)"
375,CryptoPunk 9103,55,"($223,494)"
376,CryptoPunk 9103,57.5,"($232,097)"
377,CryptoPunk 9103,57.5,"($233,953)"
378,CryptoPunk 9103,62,"($252,262)"
379,CryptoPunk 9103,106,"($397,389)"
380,CryptoPunk 9103,106,"($397,389)"
381,CryptoPunk 9103,149.5,"($460,562)"
382,CryptoPunk 9103,99.9,"($362,211)"
383,CryptoPunk 9103,99.9,"($349,475)"
384,CryptoPunk 9103,95,"($370,433)"
385,CryptoPunk 9103,95,"($367,882)"
386,CryptoPunk 9103,105,"($390,658)"
387,CryptoPunk 9103,126,"($398,820)"
388,CryptoPunk 9103,125,"($395,655)"
389,CryptoPunk 9103,142.9,"($457,540)"
390,CryptoPunk 9103,147.9,"($472,150)"
391,CryptoPunk 9103,169.69,"($547,167)"
392,CryptoPunk 9103,147.9,"($477,260)"
393,CryptoPunk 9103,150,"($486,842)"
394,CryptoPunk 9103,133.33,"($432,515)"
395,CryptoPunk 9103,105,"($339,771)"
396,CryptoPunk 9103,115,"($372,335)"
397,CryptoPunk 9103,130,"($433,610)"
398,CryptoPunk 9103,69.69,"($204,291)"
399,CryptoPunk 9103,100,"($280,892)"
400,CryptoPunk 9103,60,"($151,897)"
401,CryptoPunk 9103,45,"($113,923)"
402,CryptoPunk 9103,41,"($103,796)"
403,CryptoPunk 9103,37.9,"($100,713)"
404,CryptoPunk 9103,37.9,"($147,251)"
405,CryptoPunk 9103,21.5,"($46,101)"
406,CryptoPunk 9103,20.25,"($43,421)"
407,CryptoPunk 9103,21.5,"($46,101)"
408,CryptoPunk 9103,20.25,"($41,967)"
409,CryptoPunk 9103,20,"($32,618)"
410,CryptoPunk 9103,20,"($31,022)"
411,CryptoPunk 9103,24,"($35,891)"
412,CryptoPunk 9103,14.5,"($27,838)"
413,CryptoPunk 5358,60.02,"($202,883)"
414,CryptoPunk 5358,60,"($186,734)"
415,CryptoPunk 5358,66.66,"($212,479)"
416,CryptoPunk 5358,72.72,"($276,498)"
417,CryptoPunk 5358,0.06,($155)
418,CryptoPunk 5358,0.06,($156)
419,CryptoPunk 5358,0,($18)
420,CryptoPunk 7484,60,"($186,734)"
421,CryptoPunk 7484,66.69,"($211,809)"
422,CryptoPunk 7484,75,"($306,233)"
423,CryptoPunk 7484,88.88,"($369,180)"
424,CryptoPunk 7484,125,"($588,246)"
425,CryptoPunk 7484,180.08,"($591,549)"
426,CryptoPunk 7484,139.99,"($443,004)"
427,CryptoPunk 7484,159.99,"($519,196)"
428,CryptoPunk 7484,150.8,"($487,542)"
429,CryptoPunk 7484,99.99,"($333,812)"
430,CryptoPunk 7484,80.08,"($222,055)"
431,CryptoPunk 7484,50,"($122,965)"
432,CryptoPunk 7484,40,"($85,539)"
433,CryptoPunk 7484,40,"($61,576)"
434,CryptoPunk 7484,33,"($58,845)"
435,CryptoPunk 7484,34.56,"($67,736)"
436,CryptoPunk 7484,30,"($52,531)"
437,CryptoPunk 7484,6.94,"($2,484)"
438,CryptoPunk 7484,6.94,"($1,635)"
439,CryptoPunk 7484,4.34,"($1,176)"
440,CryptoPunk 7484,0.9,($244)
441,CryptoPunk 7484,0.9,($253)
442,CryptoPunk 7484,1.1,($295)
443,CryptoPunk 7484,1.35,($312)
444,CryptoPunk 7484,1.75,($391)
445,CryptoPunk 7484,5,($718)
446,CryptoPunk 7484,1.95,($274)
447,CryptoPunk 7484,1.4,($198)
448,CryptoPunk 7484,0.78,($107)
449,CryptoPunk 7484,0.78,($106)
450,CryptoPunk 7484,0.95,($127)
451,CryptoPunk 7484,0.5,($134)
452,CryptoPunk 7484,0.5,($134)
453,CryptoPunk 197,66.69,"($254,875)"
454,CryptoPunk 197,67.69,"($256,886)"
455,CryptoPunk 197,68.99,"($266,453)"
456,CryptoPunk 197,65,"($242,430)"
457,CryptoPunk 197,65,"($242,430)"
458,CryptoPunk 197,68.69,"($251,702)"
459,CryptoPunk 197,64,"($234,516)"
460,CryptoPunk 197,64,"($234,516)"
461,CryptoPunk 197,64,"($231,750)"
462,CryptoPunk 197,65,"($244,084)"
463,CryptoPunk 197,63,"($236,574)"
464,CryptoPunk 197,66,"($248,206)"
465,CryptoPunk 197,63,"($237,804)"
466,CryptoPunk 197,66.5,"($251,016)"
467,CryptoPunk 197,71,"($276,904)"
468,CryptoPunk 197,79,"($341,311)"
469,CryptoPunk 197,69.5,"($284,385)"
470,CryptoPunk 197,69.5,"($284,385)"
471,CryptoPunk 197,69.95,"($286,730)"
472,CryptoPunk 197,67,"($274,638)"
473,CryptoPunk 197,70.95,"($310,975)"
474,CryptoPunk 197,72.95,"($332,783)"
475,CryptoPunk 197,73.95,"($333,821)"
476,CryptoPunk 197,70,"($315,990)"
477,CryptoPunk 197,70,"($315,990)"
478,CryptoPunk 197,113.95,"($411,579)"
479,CryptoPunk 197,116.9,"($421,297)"
480,CryptoPunk 7877,67.49,"($209,486)"
481,CryptoPunk 7877,68.63,"($217,601)"
482,CryptoPunk 7877,61,"($192,507)"
483,CryptoPunk 7877,61,"($191,367)"
484,CryptoPunk 7877,70,"($219,269)"
485,CryptoPunk 7877,90,"($281,009)"
486,CryptoPunk 7877,87.95,"($392,637)"
487,CryptoPunk 7877,87.95,"($382,672)"
488,CryptoPunk 7877,83,"($361,135)"
489,CryptoPunk 7877,83,"($361,135)"
490,CryptoPunk 7877,88,"($370,214)"
491,CryptoPunk 7877,92,"($394,788)"
492,CryptoPunk 7877,95,"($398,022)"
493,CryptoPunk 7877,100,"($460,793)"
494,CryptoPunk 7877,120,"($566,416)"
495,CryptoPunk 7877,200,"($881,244)"
496,CryptoPunk 7877,1K,($3.77M)
497,CryptoPunk 7877,150,"($568,817)"
498,CryptoPunk 7877,339,($1.28M)
499,CryptoPunk 7877,1.5K,($4.71M)
500,CryptoPunk 7877,72,"($240,607)"
501,CryptoPunk 7877,72,"($208,822)"
502,CryptoPunk 7877,41.5,"($104,290)"
503,CryptoPunk 7877,41.5,"($104,865)"
504,CryptoPunk 7877,42.99,"($106,903)"
505,CryptoPunk 7877,38,"($94,494)"
506,CryptoPunk 7877,45.99,"($114,355)"
507,CryptoPunk 7877,54.99,"($137,967)"
508,CryptoPunk 7877,60.69,"($154,389)"
509,CryptoPunk 7877,42.5,"($110,466)"
510,CryptoPunk 7877,44,"($111,965)"
511,CryptoPunk 7877,48.5,"($128,881)"
512,CryptoPunk 7877,45,"($109,998)"
513,CryptoPunk 7877,39.99,"($98,347)"
514,CryptoPunk 7877,29.99,"($73,834)"
515,CryptoPunk 7877,29.99,"($123,530)"
516,CryptoPunk 7877,29.99,"($81,554)"
517,CryptoPunk 7877,7.5,"($12,755)"
518,CryptoPunk 7877,7.5,"($12,763)"
519,CryptoPunk 3218,67.69,"($258,384)"
520,CryptoPunk 3218,23.99,"($57,064)"
521,CryptoPunk 3218,23.99,"($56,690)"
522,CryptoPunk 3218,21.99,"($52,377)"
523,CryptoPunk 3218,18,"($42,874)"
524,CryptoPunk 3218,17,"($40,425)"
525,CryptoPunk 3218,17,"($40,425)"
526,CryptoPunk 3218,16.5,"($38,266)"
527,CryptoPunk 3218,14.5,"($30,534)"
528,CryptoPunk 3218,18,"($37,873)"
529,CryptoPunk 3218,14.5,"($30,509)"
530,CryptoPunk 3218,17,"($34,797)"
531,CryptoPunk 3218,17.39,"($36,588)"
532,CryptoPunk 3218,17.49,"($37,177)"
533,CryptoPunk 3218,16,"($34,010)"
534,CryptoPunk 3218,16,"($35,945)"
535,CryptoPunk 3218,15.5,"($34,822)"
536,CryptoPunk 3218,0.01,($<0.01)
537,CryptoPunk 3218,15.5,"($36,547)"
538,CryptoPunk 3218,17.25,"($45,536)"
539,CryptoPunk 3218,17.75,"($46,178)"
540,CryptoPunk 3218,14.9,"($40,336)"
541,CryptoPunk 3218,14.9,"($40,336)"
542,CryptoPunk 3218,16.6,"($46,352)"
543,CryptoPunk 3218,20.99,"($49,229)"
544,CryptoPunk 3218,31.55,"($85,409)"
545,CryptoPunk 3218,21.5,"($49,289)"
546,CryptoPunk 3218,21.5,"($45,771)"
547,CryptoPunk 3218,21.4,"($44,167)"
548,CryptoPunk 3218,21.4,"($41,298)"
549,CryptoPunk 3218,23,"($41,956)"
550,CryptoPunk 3218,23,"($41,562)"
551,CryptoPunk 3218,25.25,"($38,564)"
552,CryptoPunk 3218,0.15,($15)
553,CryptoPunk 3218,0.15,($31)
554,CryptoPunk 7044,67.76,"($226,615)"
555,CryptoPunk 7044,65,"($244,678)"
556,CryptoPunk 7044,65,"($244,930)"
557,CryptoPunk 7044,1,"($3,768)"
558,CryptoPunk 7044,73.73,"($277,214)"
559,CryptoPunk 7044,82.69,"($337,930)"
560,CryptoPunk 7044,89.69,"($368,515)"
561,CryptoPunk 3080,67.95,"($228,356)"
562,CryptoPunk 3080,60,"($202,816)"
563,CryptoPunk 3080,60,"($202,816)"
564,CryptoPunk 3080,2.8,"($3,358)"
565,CryptoPunk 3080,4.6,"($5,826)"
566,CryptoPunk 3080,2.8,"($3,666)"
567,CryptoPunk 3080,4.6,"($5,431)"
568,CryptoPunk 3080,3,"($1,868)"
569,CryptoPunk 3080,4,"($2,491)"
570,CryptoPunk 3080,3,"($1,842)"
571,CryptoPunk 3080,3.03,"($1,861)"
572,CryptoPunk 3080,3.03,"($1,861)"
573,CryptoPunk 3080,4,"($1,770)"
574,CryptoPunk 3080,4.75,"($2,102)"
575,CryptoPunk 3080,9.5,"($3,396)"
576,CryptoPunk 3080,5,"($1,825)"
577,CryptoPunk 3080,5,"($1,727)"
578,CryptoPunk 3080,2.79,($938)
579,CryptoPunk 3080,2.79,($916)
580,CryptoPunk 3080,2.19,($717)
581,CryptoPunk 3080,1.8,($613)
582,CryptoPunk 3080,0.5,($88)
583,CryptoPunk 3080,0.37,($122)
584,CryptoPunk 1454,67.95,"($229,770)"
585,CryptoPunk 1454,68.95,"($241,235)"
586,CryptoPunk 1454,71.95,"($274,058)"
587,CryptoPunk 1454,72.95,"($269,936)"
588,CryptoPunk 1454,69,"($255,320)"
589,CryptoPunk 1454,69,"($262,920)"
590,CryptoPunk 1454,65,"($210,701)"
591,CryptoPunk 1454,99,"($308,714)"
592,CryptoPunk 1454,52,"($144,357)"
593,CryptoPunk 1454,56.9,"($157,779)"
594,CryptoPunk 1454,52,"($144,373)"
595,CryptoPunk 1454,56.9,"($157,978)"
596,CryptoPunk 1454,63.9,"($177,144)"
597,CryptoPunk 1454,58.69,"($162,124)"
598,CryptoPunk 1454,50,"($138,846)"
599,CryptoPunk 1454,50,"($134,501)"
600,CryptoPunk 1454,47,"($127,536)"
601,CryptoPunk 1454,45,"($121,031)"
602,CryptoPunk 1454,41.5,"($104,290)"
603,CryptoPunk 1454,35.95,"($94,124)"
604,CryptoPunk 1454,38.9,"($100,406)"
605,CryptoPunk 1454,38.9,"($100,406)"
606,CryptoPunk 1454,34,"($89,150)"
607,CryptoPunk 1454,34,"($89,150)"
608,CryptoPunk 1454,35.99,"($94,368)"
609,CryptoPunk 1454,37,"($94,898)"
610,CryptoPunk 1454,32,"($81,616)"
611,CryptoPunk 1454,32,"($69,061)"
612,CryptoPunk 1454,29,"($75,146)"
613,CryptoPunk 1454,32,"($126,506)"
614,CryptoPunk 1454,34,"($63,114)"
615,CryptoPunk 1454,25,"($38,429)"
616,CryptoPunk 1454,25,"($38,429)"
617,CryptoPunk 1454,26.5,"($35,665)"
618,CryptoPunk 1454,9.5,"($17,277)"
619,CryptoPunk 1454,9.5,"($17,469)"
620,CryptoPunk 6608,68,"($207,904)"
621,CryptoPunk 6608,80,"($274,901)"
622,CryptoPunk 6608,100,"($411,724)"
623,CryptoPunk 6608,100,"($407,237)"
624,CryptoPunk 6608,400,($1.29M)
625,CryptoPunk 6608,1.5,($573)
626,CryptoPunk 6608,1.5,($582)
627,CryptoPunk 6608,1.25,($286)
628,CryptoPunk 6608,1.5,($343)
629,CryptoPunk 6608,1.25,($290)
630,CryptoPunk 6608,1.99,($447)
631,CryptoPunk 6608,1.3,($295)
632,CryptoPunk 6608,1.3,($305)
633,CryptoPunk 6608,2.49,($583)
634,CryptoPunk 6608,2.99,($610)
635,CryptoPunk 6608,0.5,($103)
636,CryptoPunk 6608,2.49,($524)
637,CryptoPunk 6608,0.5,($95)
638,CryptoPunk 6608,1.45,($276)
639,CryptoPunk 6608,1.49,($292)
640,CryptoPunk 6608,2,($433)
641,CryptoPunk 6608,0.4,($118)
642,CryptoPunk 6608,0.4,($118)
643,CryptoPunk 2150,68,"($205,731)"
644,CryptoPunk 2150,22.67,"($41,185)"
645,CryptoPunk 2150,22.67,"($41,101)"
646,CryptoPunk 2150,12,"($20,515)"
647,CryptoPunk 2150,12,"($21,710)"
648,CryptoPunk 8762,61,"($206,196)"
649,CryptoPunk 8762,61,"($197,374)"
650,CryptoPunk 8762,68.5,"($209,542)"
651,CryptoPunk 8762,197,"($694,545)"
652,CryptoPunk 8762,15.94,"($27,698)"
653,CryptoPunk 8762,15.94,"($29,255)"
654,CryptoPunk 8762,14.99,"($29,537)"
655,CryptoPunk 8762,13.75,"($27,565)"
656,CryptoPunk 8762,13.5,"($27,064)"
657,CryptoPunk 8762,13.5,"($27,040)"
658,CryptoPunk 8762,13,"($26,038)"
659,CryptoPunk 8762,13.75,"($26,246)"
660,CryptoPunk 8762,13,"($23,145)"
661,CryptoPunk 8762,13.5,"($24,035)"
662,CryptoPunk 8762,13.5,"($26,561)"
663,CryptoPunk 8762,12,"($22,508)"
664,CryptoPunk 8762,14.25,"($26,728)"
665,CryptoPunk 8762,17,"($41,377)"
666,CryptoPunk 7271,68.95,"($208,268)"
667,CryptoPunk 7271,60,"($183,913)"
668,CryptoPunk 7271,60,"($183,913)"
669,CryptoPunk 7271,65,"($195,098)"
670,CryptoPunk 7271,21.25,"($45,544)"
671,CryptoPunk 7271,18.75,"($41,717)"
672,CryptoPunk 7271,18.75,"($41,717)"
673,CryptoPunk 7271,15,"($34,228)"
674,CryptoPunk 7271,15,"($35,429)"
675,CryptoPunk 7271,21.25,"($40,543)"
676,CryptoPunk 7271,24,"($91,468)"
677,CryptoPunk 7271,24.5,"($85,374)"
678,CryptoPunk 7271,26.5,"($89,477)"
679,CryptoPunk 7271,27.5,"($79,056)"
680,CryptoPunk 7271,31,"($66,664)"
681,CryptoPunk 7271,34.98,"($62,141)"
682,CryptoPunk 7271,25.8,"($46,628)"
683,CryptoPunk 7271,25.8,"($46,590)"
684,CryptoPunk 7271,28.7,"($53,088)"
685,CryptoPunk 7271,32.7,"($59,083)"
686,CryptoPunk 7271,22,"($33,735)"
687,CryptoPunk 7271,22,"($32,937)"
688,CryptoPunk 7271,22,"($31,983)"
689,CryptoPunk 7271,22,"($32,377)"
690,CryptoPunk 7271,25,"($36,792)"
691,CryptoPunk 7271,4.55,"($6,290)"
692,CryptoPunk 7271,4.75,"($4,915)"
693,CryptoPunk 7271,4.75,"($5,181)"
694,CryptoPunk 7271,4.55,"($5,487)"
695,CryptoPunk 7271,4.97,"($5,850)"
696,CryptoPunk 7271,5.55,"($6,668)"
697,CryptoPunk 7271,4.55,"($5,428)"
698,CryptoPunk 7271,10,"($3,370)"
699,CryptoPunk 9247,68.95,"($233,151)"
700,CryptoPunk 9247,69.95,"($246,349)"
701,CryptoPunk 9247,62.9,"($235,002)"
702,CryptoPunk 9247,62.9,"($235,002)"
703,CryptoPunk 9247,19,"($34,661)"
704,CryptoPunk 9247,19.5,"($35,573)"
705,CryptoPunk 9247,19.5,"($35,573)"
706,CryptoPunk 9247,19,"($34,642)"
707,CryptoPunk 9247,19.75,"($36,243)"
708,CryptoPunk 9247,19.99,"($36,393)"
709,CryptoPunk 9247,20.5,"($37,569)"
710,CryptoPunk 9247,20.99,"($37,019)"
711,CryptoPunk 9247,21.5,"($37,478)"
712,CryptoPunk 9247,19,"($33,120)"
713,CryptoPunk 9247,22,"($38,401)"
714,CryptoPunk 9247,19,"($33,067)"
715,CryptoPunk 9247,23,"($38,051)"
716,CryptoPunk 9247,26,"($41,369)"
717,CryptoPunk 9247,55,"($82,150)"
718,CryptoPunk 9247,15,"($29,040)"
719,CryptoPunk 9247,30,"($58,080)"
720,CryptoPunk 9247,15,"($29,161)"
721,CryptoPunk 9247,0.05,($14)
722,CryptoPunk 9247,0.05,($13)
723,CryptoPunk 9967,69,"($262,821)"
724,CryptoPunk 9967,74,"($280,832)"
725,CryptoPunk 9967,86,"($373,441)"
726,CryptoPunk 9967,60,"($247,573)"
727,CryptoPunk 9967,60,"($254,260)"
728,CryptoPunk 9967,69.42,"($286,562)"
729,CryptoPunk 9967,89,"($400,620)"
730,CryptoPunk 9967,96,"($423,532)"
731,CryptoPunk 9967,69,"($228,151)"
732,CryptoPunk 9967,69,"($231,278)"
733,CryptoPunk 9967,67.67,"($226,137)"
734,CryptoPunk 9967,67.67,"($226,137)"
735,CryptoPunk 9967,65.65,"($219,387)"
736,CryptoPunk 9967,65.65,"($219,387)"
737,CryptoPunk 9967,68.68,"($229,512)"
738,CryptoPunk 9967,67.67,"($226,137)"
739,CryptoPunk 9967,68.68,"($229,512)"
740,CryptoPunk 9967,69.69,"($232,887)"
741,CryptoPunk 9967,53.5,"($174,194)"
742,CryptoPunk 9967,55,"($175,857)"
743,CryptoPunk 9967,50,"($156,456)"
744,CryptoPunk 9967,50,"($157,315)"
745,CryptoPunk 9967,58,"($182,358)"
746,CryptoPunk 9967,60,"($162,217)"
747,CryptoPunk 9967,40,"($98,340)"
748,CryptoPunk 9967,35,"($85,280)"
749,CryptoPunk 9967,30,"($69,821)"
750,CryptoPunk 9967,24.5,"($61,081)"
751,CryptoPunk 4162,69,"($226,299)"
752,CryptoPunk 4162,85,"($381,697)"
753,CryptoPunk 4162,69,"($230,581)"
754,CryptoPunk 4162,69,"($209,814)"
755,CryptoPunk 4162,22,"($83,846)"
756,CryptoPunk 4162,22,"($76,302)"
757,CryptoPunk 4162,24,"($80,807)"
758,CryptoPunk 4162,4,"($1,401)"
759,CryptoPunk 4162,2,($753)
760,CryptoPunk 4162,1.4,($531)
761,CryptoPunk 4162,1.4,($310)
762,CryptoPunk 2521,64,"($236,532)"
763,CryptoPunk 2521,64,"($242,624)"
764,CryptoPunk 2521,69.25,"($263,915)"
765,CryptoPunk 2521,69.6,"($285,455)"
766,CryptoPunk 2521,72.69,"($294,884)"
767,CryptoPunk 2521,77.7,"($316,021)"
768,CryptoPunk 2521,108,"($430,815)"
769,CryptoPunk 2521,109.69,"($429,105)"
770,CryptoPunk 2521,44,"($133,280)"
771,CryptoPunk 2521,44,"($139,043)"
772,CryptoPunk 2521,22,"($64,849)"
773,CryptoPunk 749,62.5,"($241,590)"
774,CryptoPunk 749,62.5,"($235,267)"
775,CryptoPunk 749,62,"($233,625)"
776,CryptoPunk 749,61,"($229,857)"
777,CryptoPunk 749,69.5,"($280,455)"
778,CryptoPunk 749,73.42,"($313,774)"
779,CryptoPunk 749,8.44,"($37,390)"
780,CryptoPunk 749,8.44,"($36,774)"
781,CryptoPunk 749,84.42,"($340,202)"
782,CryptoPunk 749,175,"($567,996)"
783,CryptoPunk 749,50.49,"($146,241)"
784,CryptoPunk 749,53.75,"($148,822)"
785,CryptoPunk 749,45,"($127,172)"
786,CryptoPunk 749,45,"($158,108)"
787,CryptoPunk 749,29.99,"($54,767)"
788,CryptoPunk 749,29.99,"($57,015)"
789,CryptoPunk 6620,69.69,"($234,435)"
790,CryptoPunk 6620,79.99,"($334,790)"
791,CryptoPunk 6620,148.99,"($481,983)"
792,CryptoPunk 6620,129.98,"($377,042)"
793,CryptoPunk 6620,101.5,"($363,716)"
794,CryptoPunk 6620,90,"($297,643)"
795,CryptoPunk 6620,90,"($298,575)"
796,CryptoPunk 6620,101.5,"($347,836)"
797,CryptoPunk 6620,120.9,"($426,180)"
798,CryptoPunk 6620,142.87,"($453,357)"
799,CryptoPunk 6620,98.9,"($331,580)"
800,CryptoPunk 6620,98.9,"($326,523)"
801,CryptoPunk 6620,61.49,"($204,971)"
802,CryptoPunk 6620,61.49,"($193,644)"
803,CryptoPunk 6620,59.58,"($190,036)"
804,CryptoPunk 6620,62.9,"($200,625)"
805,CryptoPunk 6620,66.49,"($216,506)"
806,CryptoPunk 6620,69,"($223,760)"
807,CryptoPunk 6620,62.9,"($206,255)"
808,CryptoPunk 6620,68.9,"($223,532)"
809,CryptoPunk 6620,57.9,"($189,233)"
810,CryptoPunk 6620,59,"($192,828)"
811,CryptoPunk 6620,68.68,"($217,085)"
812,CryptoPunk 6620,53.99,"($164,905)"
813,CryptoPunk 6620,55.9,"($174,992)"
814,CryptoPunk 6620,56,"($180,899)"
815,CryptoPunk 6620,59,"($191,689)"
816,CryptoPunk 6620,66.2,"($199,396)"
817,CryptoPunk 6620,55.98,"($170,966)"
818,CryptoPunk 6620,55.98,"($171,599)"
819,CryptoPunk 6620,68.52,"($209,287)"
820,CryptoPunk 6620,66.85,"($183,564)"
821,CryptoPunk 6620,168.99,"($326,832)"
822,CryptoPunk 6620,24.99,"($52,517)"
823,CryptoPunk 6620,24.99,"($56,326)"
824,CryptoPunk 6620,18,"($37,173)"
825,CryptoPunk 6620,20.99,"($43,348)"
826,CryptoPunk 6620,18,"($35,548)"
827,CryptoPunk 6620,16,"($36,024)"
828,CryptoPunk 6620,16,"($36,670)"
829,CryptoPunk 6620,19.98,"($56,630)"
830,CryptoPunk 6620,16,"($45,678)"
831,CryptoPunk 6620,16.69,"($45,053)"
832,CryptoPunk 6620,16.69,"($45,053)"
833,CryptoPunk 6620,16,"($43,055)"
834,CryptoPunk 6620,17.99,"($47,107)"
835,CryptoPunk 6620,21.9,"($57,877)"
836,CryptoPunk 6620,27,"($68,990)"
837,CryptoPunk 6620,7.39,"($5,106)"
838,CryptoPunk 6620,7.39,"($4,683)"
839,CryptoPunk 6620,7.49,"($3,421)"
840,CryptoPunk 6620,7.79,"($3,201)"
841,CryptoPunk 6620,8.89,"($3,243)"
842,CryptoPunk 6620,9.55,"($3,568)"
843,CryptoPunk 6620,9.79,"($3,594)"
844,CryptoPunk 6620,5.5,"($1,941)"
845,CryptoPunk 6620,5.5,"($1,940)"
846,CryptoPunk 6620,5,"($1,768)"
847,CryptoPunk 6620,2,($474)
848,CryptoPunk 6620,2,($441)
849,CryptoPunk 6620,0.1,($60)
850,CryptoPunk 6620,0.1,($57)
851,CryptoPunk 5231,69.95,"($235,077)"
852,CryptoPunk 5231,71.69,"($232,555)"
853,CryptoPunk 5231,72.95,"($224,641)"
854,CryptoPunk 5231,74.94,"($236,385)"
855,CryptoPunk 5231,76.54,"($243,895)"
856,CryptoPunk 5231,77.77,"($272,844)"
857,CryptoPunk 5231,79.94,"($304,339)"
858,CryptoPunk 5231,82.69,"($311,480)"
859,CryptoPunk 5231,84.69,"($318,797)"
860,CryptoPunk 5231,88.69,"($330,665)"
861,CryptoPunk 5231,89.98,"($333,797)"
862,CryptoPunk 5231,96.69,"($359,823)"
863,CryptoPunk 5231,88.88,"($366,941)"
864,CryptoPunk 5231,80.69,"($331,232)"
865,CryptoPunk 5231,62.69,"($257,229)"
866,CryptoPunk 5231,73.69,"($303,424)"
867,CryptoPunk 5231,70.69,"($279,591)"
868,CryptoPunk 5231,67.69,"($269,418)"
869,CryptoPunk 5231,62.69,"($254,852)"
870,CryptoPunk 5231,69.69,"($281,014)"
871,CryptoPunk 5231,70,"($281,952)"
872,CryptoPunk 5231,71.69,"($272,097)"
873,CryptoPunk 5231,61,"($236,656)"
874,CryptoPunk 5231,61,"($241,445)"
875,CryptoPunk 5231,72.99,"($288,743)"
876,CryptoPunk 5231,74.95,"($295,111)"
877,CryptoPunk 5231,76.69,"($297,025)"
878,CryptoPunk 5231,77.77,"($314,249)"
879,CryptoPunk 5231,79.95,"($324,816)"
880,CryptoPunk 5231,82.95,"($333,318)"
881,CryptoPunk 5231,86.69,"($328,201)"
882,CryptoPunk 5231,88.88,"($336,590)"
883,CryptoPunk 5231,79.95,"($303,516)"
884,CryptoPunk 5231,81.99,"($310,877)"
885,CryptoPunk 5231,83.99,"($334,753)"
886,CryptoPunk 5231,89.99,"($365,818)"
887,CryptoPunk 5231,87.99,"($351,605)"
888,CryptoPunk 5231,88.88,"($370,678)"
889,CryptoPunk 5231,89.99,"($369,388)"
890,CryptoPunk 5231,93.99,"($388,881)"
891,CryptoPunk 5231,94.69,"($395,225)"
892,CryptoPunk 5231,99.99,"($406,144)"
893,CryptoPunk 5231,108.95,"($449,552)"
894,CryptoPunk 5231,114.69,"($476,575)"
895,CryptoPunk 5231,119.95,"($490,180)"
896,CryptoPunk 5231,155,"($644,802)"
897,CryptoPunk 5231,4.99,"($14,020)"
898,CryptoPunk 5231,4.99,"($14,020)"
899,CryptoPunk 5231,4.99,"($6,412)"
900,CryptoPunk 5231,4.99,"($6,290)"
901,CryptoPunk 5231,0.24,($65)
902,CryptoPunk 5231,0.24,($65)
903,CryptoPunk 2498,69.95,"($213,977)"
904,CryptoPunk 2498,74.95,"($284,921)"
905,CryptoPunk 2498,77.95,"($290,623)"
906,CryptoPunk 2498,74.95,"($280,546)"
907,CryptoPunk 2498,72.95,"($275,636)"
908,CryptoPunk 2498,66,"($269,017)"
909,CryptoPunk 2498,74.95,"($305,040)"
910,CryptoPunk 2498,71.95,"($290,938)"
911,CryptoPunk 2498,69.69,"($284,974)"
912,CryptoPunk 2498,66,"($267,666)"
913,CryptoPunk 2498,69.95,"($282,774)"
914,CryptoPunk 2498,72.95,"($297,214)"
915,CryptoPunk 2498,69.95,"($287,144)"
916,CryptoPunk 2498,67.95,"($277,454)"
917,CryptoPunk 2498,63.49,"($260,510)"
918,CryptoPunk 2498,63.49,"($260,512)"
919,CryptoPunk 2498,60.99,"($251,019)"
920,CryptoPunk 2498,57,"($234,131)"
921,CryptoPunk 2498,57,"($233,854)"
922,CryptoPunk 2498,56.22,"($231,490)"
923,CryptoPunk 2498,55,"($226,467)"
924,CryptoPunk 2498,54.5,"($224,408)"
925,CryptoPunk 2498,53.5,"($219,711)"
926,CryptoPunk 2498,53.3,"($210,926)"
927,CryptoPunk 2498,53.3,"($212,062)"
928,CryptoPunk 2498,58.94,"($234,592)"
929,CryptoPunk 2498,52.5,"($208,963)"
930,CryptoPunk 2498,52.5,"($208,963)"
931,CryptoPunk 2498,52,"($206,969)"
932,CryptoPunk 2498,51,"($202,997)"
933,CryptoPunk 2498,50,"($199,009)"
934,CryptoPunk 2498,70,"($284,569)"
935,CryptoPunk 2498,96.3,"($414,294)"
936,CryptoPunk 2498,140,"($651,584)"
937,CryptoPunk 2498,166.66,"($782,550)"
938,CryptoPunk 2498,300,($1.02M)
939,CryptoPunk 1281,69.95,"($213,977)"
940,CryptoPunk 1281,74.95,"($284,921)"
941,CryptoPunk 1281,77.95,"($290,623)"
942,CryptoPunk 1281,74.95,"($280,546)"
943,CryptoPunk 1281,72.95,"($275,636)"
944,CryptoPunk 1281,74.95,"($305,040)"
945,CryptoPunk 1281,71.95,"($290,938)"
946,CryptoPunk 1281,69.95,"($282,774)"
947,CryptoPunk 1281,72.95,"($297,214)"
948,CryptoPunk 1281,69.95,"($287,144)"
949,CryptoPunk 1281,67.95,"($278,810)"
950,CryptoPunk 1281,64.95,"($266,502)"
951,CryptoPunk 1281,63.95,"($262,626)"
952,CryptoPunk 1281,59.95,"($238,612)"
953,CryptoPunk 1281,52,"($206,969)"
954,CryptoPunk 1281,52,"($208,590)"
955,CryptoPunk 1281,70,"($281,286)"
956,CryptoPunk 1281,80,"($317,342)"
957,CryptoPunk 1281,90,"($387,191)"
958,CryptoPunk 1281,120,"($553,408)"
959,CryptoPunk 1281,0.01,($5)
960,CryptoPunk 1281,136,"($549,135)"
961,CryptoPunk 2376,69.95,"($244,734)"
962,CryptoPunk 2376,72.95,"($277,867)"
963,CryptoPunk 2376,69,"($258,024)"
964,CryptoPunk 2376,69,"($261,579)"
965,CryptoPunk 2376,73.95,"($280,625)"
966,CryptoPunk 2376,67,"($254,252)"
967,CryptoPunk 2376,67,"($255,299)"
968,CryptoPunk 2376,88,"($393,310)"
969,CryptoPunk 2376,19.5,"($49,669)"
970,CryptoPunk 2376,16.97,"($60,695)"
971,CryptoPunk 2376,16.97,"($60,695)"
972,CryptoPunk 2376,16,"($57,226)"
973,CryptoPunk 2376,16,"($60,646)"
974,CryptoPunk 2376,17.4,"($66,636)"
975,CryptoPunk 2376,19.2,"($71,728)"
976,CryptoPunk 2376,27,"($109,140)"
977,CryptoPunk 2376,0.01,($<0.01)
978,CryptoPunk 2376,0.1,($19)
979,CryptoPunk 2376,0.1,($43)
980,CryptoPunk 4560,70,"($221,327)"
981,CryptoPunk 4560,68,"($215,003)"
982,CryptoPunk 4560,72,"($226,084)"
983,CryptoPunk 4560,68,"($232,105)"
984,CryptoPunk 4560,72,"($261,112)"
985,CryptoPunk 4560,121,"($456,319)"
986,CryptoPunk 4560,31.7,"($46,222)"
987,CryptoPunk 4560,33.2,"($49,014)"
988,CryptoPunk 4560,44.2,"($71,557)"
989,CryptoPunk 4560,48.8,"($72,065)"
990,CryptoPunk 4560,51.4,"($79,010)"
991,CryptoPunk 4560,54.2,"($81,411)"
992,CryptoPunk 4560,59.8,"($90,145)"
993,CryptoPunk 4151,70,"($266,095)"
994,CryptoPunk 4151,80,"($294,005)"
995,CryptoPunk 4151,115,"($487,022)"
996,CryptoPunk 4151,115,"($488,968)"
997,CryptoPunk 4151,140,"($481,193)"
998,CryptoPunk 4151,101,"($326,888)"
999,CryptoPunk 4151,101,"($301,920)"
1000,CryptoPunk 4151,125,"($389,995)"
1001,CryptoPunk 4151,150,"($467,134)"
1002,CryptoPunk 4151,250,"($828,650)"
1003,CryptoPunk 4151,25,"($82,230)"
1004,CryptoPunk 4151,55,"($181,255)"
1005,CryptoPunk 4151,25,"($81,800)"
1006,CryptoPunk 4151,15,"($49,073)"
1007,CryptoPunk 4151,15,"($47,412)"
1008,CryptoPunk 4151,55,"($168,560)"
1009,CryptoPunk 4151,80,"($138,761)"
1010,CryptoPunk 4151,24,"($8,762)"
1011,CryptoPunk 4151,7,"($1,621)"
1012,CryptoPunk 4151,3.5,($621)
1013,CryptoPunk 4151,1,($544)
1014,CryptoPunk 4151,1,($544)
1015,CryptoPunk 4151,0.5,($305)
1016,CryptoPunk 6718,55,"($178,414)"
1017,CryptoPunk 6718,70,"($263,695)"
1018,CryptoPunk 6718,158.88,"($507,212)"
1019,CryptoPunk 6718,22.49,"($46,487)"
1020,CryptoPunk 6718,22.49,"($36,919)"
1021,CryptoPunk 6718,20,"($32,695)"
1022,CryptoPunk 6718,20,"($31,810)"
1023,CryptoPunk 6718,0.1,($47)
1024,CryptoPunk 6718,0.1,($41)
1025,CryptoPunk 5840,71,"($265,845)"
1026,CryptoPunk 5840,54,"($216,136)"
1027,CryptoPunk 5840,54,"($216,136)"
1028,CryptoPunk 5840,52,"($208,590)"
1029,CryptoPunk 5840,57,"($229,793)"
1030,CryptoPunk 5840,53,"($213,715)"
1031,CryptoPunk 5840,53,"($211,477)"
1032,CryptoPunk 5840,50.05,"($199,707)"
1033,CryptoPunk 5840,62,"($248,859)"
1034,CryptoPunk 5840,69,"($264,656)"
1035,CryptoPunk 5840,89,"($390,146)"
1036,CryptoPunk 5840,122,"($555,715)"
1037,CryptoPunk 5840,180,"($609,970)"
1038,CryptoPunk 5840,50,"($153,269)"
1039,CryptoPunk 5840,50,"($159,147)"
1040,CryptoPunk 5840,52,"($164,590)"
1041,CryptoPunk 5840,40,"($115,949)"
1042,CryptoPunk 5840,50.69,"($147,016)"
1043,CryptoPunk 5840,50.69,"($146,821)"
1044,CryptoPunk 5840,51.69,"($150,434)"
1045,CryptoPunk 5840,53.69,"($156,255)"
1046,CryptoPunk 5840,50,"($138,163)"
1047,CryptoPunk 5840,40,"($110,495)"
1048,CryptoPunk 5840,50,"($128,035)"
1049,CryptoPunk 5840,23.99,"($58,075)"
1050,CryptoPunk 5840,23.99,"($45,312)"
1051,CryptoPunk 5840,21.99,"($76,428)"
1052,CryptoPunk 5840,19.49,"($69,103)"
1053,CryptoPunk 5840,19.49,"($69,103)"
1054,CryptoPunk 5840,18,"($63,216)"
1055,CryptoPunk 5840,18,"($64,279)"
1056,CryptoPunk 5840,18,"($64,279)"
1057,CryptoPunk 5840,18,"($63,165)"
1058,CryptoPunk 5840,19.99,"($70,148)"
1059,CryptoPunk 5840,22.9,"($77,294)"
1060,CryptoPunk 5840,24.9,"($81,174)"
1061,CryptoPunk 5840,2.95,"($1,029)"
1062,CryptoPunk 5840,1.88,($690)
1063,CryptoPunk 5840,1.99,($735)
1064,CryptoPunk 5840,10,"($1,362)"
1065,CryptoPunk 5840,0.25,($38)
1066,CryptoPunk 5840,0.25,($38)
1067,CryptoPunk 5840,0.35,($64)
1068,CryptoPunk 5840,0.45,($83)
1069,CryptoPunk 5840,1,($269)
1070,CryptoPunk 1991,61,"($191,367)"
1071,CryptoPunk 1991,61,"($196,674)"
1072,CryptoPunk 1991,71.17,"($229,810)"
1073,CryptoPunk 1991,81.18,"($308,927)"
1074,CryptoPunk 1991,91.19,"($335,664)"
1075,CryptoPunk 1991,101,"($408,843)"
1076,CryptoPunk 1991,119.9,"($483,344)"
1077,CryptoPunk 1991,225.25,"($804,161)"
1078,CryptoPunk 1991,49,"($121,939)"
1079,CryptoPunk 1991,34,"($84,611)"
1080,CryptoPunk 1991,39.5,"($98,298)"
1081,CryptoPunk 1991,34,"($84,611)"
1082,CryptoPunk 1991,32.5,"($79,517)"
1083,CryptoPunk 1991,32.5,"($79,901)"
1084,CryptoPunk 1991,39.5,"($96,418)"
1085,CryptoPunk 1991,35.69,"($87,151)"
1086,CryptoPunk 1991,34.5,"($81,010)"
1087,CryptoPunk 1991,32.98,"($64,403)"
1088,CryptoPunk 1991,35,"($74,396)"
1089,CryptoPunk 1991,50,"($123,089)"
1090,CryptoPunk 1991,25,"($57,949)"
1091,CryptoPunk 1991,25,"($57,949)"
1092,CryptoPunk 1991,25,"($57,949)"
1093,CryptoPunk 1991,25,"($57,949)"
1094,CryptoPunk 1991,25,"($57,949)"
1095,CryptoPunk 1991,35,"($55,208)"
1096,CryptoPunk 1991,29.99,"($44,384)"
1097,CryptoPunk 1991,29.99,"($44,842)"
1098,CryptoPunk 1991,37.77,"($62,141)"
1099,CryptoPunk 1991,25,"($40,646)"
1100,CryptoPunk 1991,25,"($40,330)"
1101,CryptoPunk 1991,0.15,($41)
1102,CryptoPunk 1991,0.15,($41)
1103,CryptoPunk 1991,0.05,($13)
1104,CryptoPunk 2210,45,"($182,733)"
1105,CryptoPunk 2210,45,"($184,725)"
1106,CryptoPunk 2210,71.94,"($294,078)"
1107,CryptoPunk 2210,0.1,($455)
1108,CryptoPunk 2210,0.1,($453)
1109,CryptoPunk 2210,121.94,"($457,147)"
1110,CryptoPunk 2210,21.94,"($55,069)"
1111,CryptoPunk 2210,21.94,"($56,361)"
1112,CryptoPunk 2210,24.88,"($45,678)"
1113,CryptoPunk 2210,29.85,"($49,457)"
1114,CryptoPunk 2210,24,"($46,032)"
1115,CryptoPunk 2210,24,"($46,345)"
1116,CryptoPunk 2210,22,"($40,011)"
1117,CryptoPunk 2210,15,"($5,458)"
1118,CryptoPunk 2210,10,"($3,399)"
1119,CryptoPunk 2210,3.5,"($1,301)"
1120,CryptoPunk 2210,2.5,($338)
1121,CryptoPunk 2210,1.5,($207)
1122,CryptoPunk 2210,0.52,($113)
1123,CryptoPunk 2210,0.52,($99)
1124,CryptoPunk 1817,72,"($231,825)"
1125,CryptoPunk 1817,127,"($499,951)"
1126,CryptoPunk 1817,270,"($876,455)"
1127,CryptoPunk 1817,150,"($396,240)"
1128,CryptoPunk 1817,66.6,"($173,510)"
1129,CryptoPunk 1817,25,"($53,191)"
1130,CryptoPunk 1817,25,"($55,599)"
1131,CryptoPunk 1817,66.6,"($120,366)"
1132,CryptoPunk 1817,42,"($75,545)"
1133,CryptoPunk 1817,21,"($33,968)"
1134,CryptoPunk 9857,72,"($218,932)"
1135,CryptoPunk 9857,54,"($219,089)"
1136,CryptoPunk 9857,54,"($220,487)"
1137,CryptoPunk 9857,65,"($247,268)"
1138,CryptoPunk 9857,78,"($315,241)"
1139,CryptoPunk 9857,100,"($390,327)"
1140,CryptoPunk 3588,72.5,"($230,261)"
1141,CryptoPunk 3588,79.99,"($326,607)"
1142,CryptoPunk 3588,88.88,"($354,622)"
1143,CryptoPunk 3588,188.88,"($611,114)"
1144,CryptoPunk 3588,150.8,"($487,542)"
1145,CryptoPunk 3588,88.88,"($248,748)"
1146,CryptoPunk 3588,56.66,"($147,271)"
1147,CryptoPunk 3588,33,"($58,845)"
1148,CryptoPunk 3588,80,"($140,083)"
1149,CryptoPunk 3588,2.79,($953)
1150,CryptoPunk 3588,2,($770)
1151,CryptoPunk 3588,3,"($1,135)"
1152,CryptoPunk 3588,2.2,($827)
1153,CryptoPunk 3588,2.2,($824)
1154,CryptoPunk 3588,10,"($1,363)"
1155,CryptoPunk 3588,0.25,($38)
1156,CryptoPunk 3588,0.25,($38)
1157,CryptoPunk 3588,0.25,($38)
1158,CryptoPunk 3588,0.25,($38)
1159,CryptoPunk 3588,0.4,($74)
1160,CryptoPunk 3588,0.5,($153)
1161,CryptoPunk 3588,0.4,($118)
1162,CryptoPunk 7824,72.69,"($270,404)"
1163,CryptoPunk 7824,74.74,"($301,400)"
1164,CryptoPunk 7824,77.2,"($316,569)"
1165,CryptoPunk 7824,56.56,"($232,324)"
1166,CryptoPunk 7824,56.56,"($233,969)"
1167,CryptoPunk 7824,57.52,"($227,501)"
1168,CryptoPunk 7824,52.75,"($208,635)"
1169,CryptoPunk 7824,58.58,"($231,694)"
1170,CryptoPunk 7824,50.5,"($200,999)"
1171,CryptoPunk 7824,59,"($238,890)"
1172,CryptoPunk 7824,65,"($258,956)"
1173,CryptoPunk 7824,75,"($300,199)"
1174,CryptoPunk 7824,99,"($376,609)"
1175,CryptoPunk 7824,200,"($911,746)"
1176,CryptoPunk 7824,6,"($2,273)"
1177,CryptoPunk 7824,5.1,"($1,771)"
1178,CryptoPunk 7824,4.99,"($1,690)"
1179,CryptoPunk 7824,3.4,"($1,202)"
1180,CryptoPunk 7824,3.07,"($1,058)"
1181,CryptoPunk 7824,1.5,($517)
1182,CryptoPunk 7824,1.5,($489)
1183,CryptoPunk 7824,1.12,($397)
1184,CryptoPunk 7824,1.12,($257)
1185,CryptoPunk 7824,1.21,($278)
1186,CryptoPunk 7824,1.31,($315)
1187,CryptoPunk 7824,2.39,($406)
1188,CryptoPunk 7824,0.95,($195)
1189,CryptoPunk 7824,0.79,($188)
1190,CryptoPunk 7824,0.05,($13)
1191,CryptoPunk 7824,0.59,($165)
1192,CryptoPunk 1319,72.95,"($220,707)"
1193,CryptoPunk 1319,76.95,"($292,524)"
1194,CryptoPunk 1319,79.95,"($298,079)"
1195,CryptoPunk 1319,74.95,"($278,810)"
1196,CryptoPunk 1319,72.95,"($275,636)"
1197,CryptoPunk 1319,64.4,"($243,331)"
1198,CryptoPunk 1319,74.95,"($307,669)"
1199,CryptoPunk 1319,71.95,"($294,819)"
1200,CryptoPunk 1319,67.95,"($275,965)"
1201,CryptoPunk 1319,69.95,"($282,386)"
1202,CryptoPunk 1319,76.95,"($314,559)"
1203,CryptoPunk 1319,70.8,"($289,418)"
1204,CryptoPunk 1319,70.8,"($289,418)"
1205,CryptoPunk 1319,68.5,"($276,925)"
1206,CryptoPunk 1319,68.5,"($279,875)"
1207,CryptoPunk 1319,75,"($306,432)"
1208,CryptoPunk 1319,82,"($355,814)"
1209,CryptoPunk 1319,70,"($303,652)"
1210,CryptoPunk 1319,70,"($304,548)"
1211,CryptoPunk 1319,85,"($369,808)"
1212,CryptoPunk 1319,95,"($386,119)"
1213,CryptoPunk 1319,120,"($504,050)"
1214,CryptoPunk 1319,1,"($1,544)"
1215,CryptoPunk 1319,1,"($1,015)"
1216,CryptoPunk 1319,0.01,($<0.01)
1217,CryptoPunk 5067,72.96,"($233,284)"
1218,CryptoPunk 5067,81,"($329,458)"
1219,CryptoPunk 5067,79,"($321,863)"
1220,CryptoPunk 5067,75,"($308,435)"
1221,CryptoPunk 5067,77,"($306,501)"
1222,CryptoPunk 5067,84,"($327,437)"
1223,CryptoPunk 5067,93,"($385,887)"
1224,CryptoPunk 5067,103,"($422,027)"
1225,CryptoPunk 5067,108,"($454,624)"
1226,CryptoPunk 5067,118,"($498,826)"
1227,CryptoPunk 5067,114,"($474,314)"
1228,CryptoPunk 5067,106,"($486,745)"
1229,CryptoPunk 5067,99.89,"($471,644)"
1230,CryptoPunk 5067,129.68,"($528,866)"
1231,CryptoPunk 5067,100,"($343,188)"
1232,CryptoPunk 5067,110,"($393,325)"
1233,CryptoPunk 5067,100,"($358,620)"
1234,CryptoPunk 5067,110,"($381,731)"
1235,CryptoPunk 5067,139,"($546,056)"
1236,CryptoPunk 5067,149,"($487,908)"
1237,CryptoPunk 3922,66,"($248,698)"
1238,CryptoPunk 3922,72.99,"($273,679)"
1239,CryptoPunk 3922,66,"($245,896)"
1240,CryptoPunk 3922,68.95,"($261,674)"
1241,CryptoPunk 3922,69.99,"($273,694)"
1242,CryptoPunk 3922,51,"($206,918)"
1243,CryptoPunk 3922,73.99,"($299,458)"
1244,CryptoPunk 3922,61,"($250,404)"
1245,CryptoPunk 3922,51,"($210,970)"
1246,CryptoPunk 3922,57,"($225,613)"
1247,CryptoPunk 3922,57,"($221,384)"
1248,CryptoPunk 3922,56,"($217,282)"
1249,CryptoPunk 3922,61,"($237,903)"
1250,CryptoPunk 3922,77,"($335,687)"
1251,CryptoPunk 3922,5.79,"($8,766)"
1252,CryptoPunk 3922,5.79,"($4,226)"
1253,CryptoPunk 3922,5.47,"($4,025)"
1254,CryptoPunk 3922,4.6,"($3,373)"
1255,CryptoPunk 3922,5.49,"($3,842)"
1256,CryptoPunk 3922,4.95,"($3,464)"
1257,CryptoPunk 3922,4.6,"($2,944)"
1258,CryptoPunk 3922,4.95,"($3,142)"
1259,CryptoPunk 3922,5.2,"($3,376)"
1260,CryptoPunk 3922,4,"($2,307)"
1261,CryptoPunk 3922,4,"($2,342)"
1262,CryptoPunk 3922,1.75,($831)
1263,CryptoPunk 3922,1.75,($840)
1264,CryptoPunk 3922,2.25,"($1,081)"
1265,CryptoPunk 3922,2.25,"($1,079)"
1266,CryptoPunk 3922,2.5,"($1,176)"
1267,CryptoPunk 3922,2.75,"($1,270)"
1268,CryptoPunk 3922,2.7,"($1,233)"
1269,CryptoPunk 3922,2.95,"($1,362)"
1270,CryptoPunk 3922,2.7,"($1,254)"
1271,CryptoPunk 3922,3,"($1,409)"
1272,CryptoPunk 3922,3.5,"($1,568)"
1273,CryptoPunk 3922,0.53,($219)
1274,CryptoPunk 3922,0.34,($58)
1275,CryptoPunk 3922,0.34,($59)
1276,CryptoPunk 3922,0.52,($83)
1277,CryptoPunk 3922,0.32,($34)
1278,CryptoPunk 3922,0.3,($42)
1279,CryptoPunk 3922,0.25,($35)
1280,CryptoPunk 3922,0.25,($22)
1281,CryptoPunk 3922,1.2,($365)
1282,CryptoPunk 1029,73,"($293,844)"
1283,CryptoPunk 1029,66,"($260,715)"
1284,CryptoPunk 1029,61.36,"($241,017)"
1285,CryptoPunk 1029,61.36,"($235,213)"
1286,CryptoPunk 1029,66,"($251,339)"
1287,CryptoPunk 1029,78,"($353,421)"
1288,CryptoPunk 1029,92.99,"($426,237)"
1289,CryptoPunk 1029,90,"($417,717)"
1290,CryptoPunk 1029,86,"($397,704)"
1291,CryptoPunk 1029,77,"($366,936)"
1292,CryptoPunk 1029,77,"($355,671)"
1293,CryptoPunk 1029,86,"($410,770)"
1294,CryptoPunk 1029,4.95,"($1,205)"
1295,CryptoPunk 1029,0.2,($44)
1296,CryptoPunk 1029,0.25,($53)
1297,CryptoPunk 1029,0.2,($42)
1298,CryptoPunk 1029,0.25,($53)
1299,CryptoPunk 1029,0.3,($63)
1300,CryptoPunk 5879,73,"($235,632)"
1301,CryptoPunk 5879,75,"($271,641)"
1302,CryptoPunk 5879,80,"($290,719)"
1303,CryptoPunk 5879,69.95,"($265,446)"
1304,CryptoPunk 5879,69.95,"($270,511)"
1305,CryptoPunk 5879,71.95,"($292,920)"
1306,CryptoPunk 5879,68,"($278,892)"
1307,CryptoPunk 5879,68,"($277,755)"
1308,CryptoPunk 5879,69.95,"($282,765)"
1309,CryptoPunk 5879,66,"($267,744)"
1310,CryptoPunk 5879,66,"($267,744)"
1311,CryptoPunk 5879,88,"($398,470)"
1312,CryptoPunk 5879,120,"($556,068)"
1313,CryptoPunk 5879,90,"($221,139)"
1314,CryptoPunk 5879,50,"($122,855)"
1315,CryptoPunk 5879,87,"($212,862)"
1316,CryptoPunk 5879,31,"($75,728)"
1317,CryptoPunk 5879,31,"($76,320)"
1318,CryptoPunk 5879,29,"($71,397)"
1319,CryptoPunk 5879,29,"($98,320)"
1320,CryptoPunk 5879,0.23,($62)
1321,CryptoPunk 5879,0.23,($62)
1322,CryptoPunk 5879,0.23,($62)
1323,CryptoPunk 8005,73.8,"($281,137)"
1324,CryptoPunk 8005,77.9,"($292,244)"
1325,CryptoPunk 8005,80,"($319,192)"
1326,CryptoPunk 8005,86,"($393,662)"
1327,CryptoPunk 8005,179,"($603,350)"
1328,CryptoPunk 8005,888.88,($2.87M)
1329,CryptoPunk 8005,250,"($806,128)"
1330,CryptoPunk 8005,155,"($501,843)"
1331,CryptoPunk 8005,130,"($434,429)"
1332,CryptoPunk 8005,69.69,"($233,367)"
1333,CryptoPunk 8005,69.69,"($233,455)"
1334,CryptoPunk 8005,73,"($230,061)"
1335,CryptoPunk 8005,30,"($73,779)"
1336,CryptoPunk 8005,25,"($44,890)"
1337,CryptoPunk 8005,25,"($46,851)"
1338,CryptoPunk 8005,20,"($40,578)"
1339,CryptoPunk 8005,20,"($40,578)"
1340,CryptoPunk 8005,30,"($55,059)"
1341,CryptoPunk 8005,35,"($120,204)"
1342,CryptoPunk 8005,32,"($108,009)"
1343,CryptoPunk 8005,39,"($114,805)"
1344,CryptoPunk 8005,49,"($104,168)"
1345,CryptoPunk 8005,49,"($82,046)"
1346,CryptoPunk 8560,73.99,"($282,588)"
1347,CryptoPunk 8560,51,"($204,129)"
1348,CryptoPunk 8560,51,"($204,578)"
1349,CryptoPunk 8560,49,"($196,556)"
1350,CryptoPunk 8560,50,"($200,567)"
1351,CryptoPunk 8560,50,"($200,567)"
1352,CryptoPunk 8560,48,"($192,544)"
1353,CryptoPunk 8560,51.15,"($204,695)"
1354,CryptoPunk 8560,55,"($221,198)"
1355,CryptoPunk 8560,51.15,"($204,459)"
1356,CryptoPunk 8560,59,"($234,721)"
1357,CryptoPunk 8560,62.5,"($252,669)"
1358,CryptoPunk 8560,62.5,"($254,679)"
1359,CryptoPunk 8560,69.88,"($284,751)"
1360,CryptoPunk 8560,99.88,"($437,309)"
1361,CryptoPunk 8560,112.98,"($474,437)"
1362,CryptoPunk 8560,119.98,"($459,132)"
1363,CryptoPunk 8560,17.75,"($41,286)"
1364,CryptoPunk 8560,14,"($31,066)"
1365,CryptoPunk 8560,14,"($29,481)"
1366,CryptoPunk 8560,12.75,"($26,293)"
1367,CryptoPunk 8560,12.75,"($26,971)"
1368,CryptoPunk 8560,15.5,"($34,504)"
1369,CryptoPunk 8560,15.5,"($32,941)"
1370,CryptoPunk 8560,17.75,"($37,342)"
1371,CryptoPunk 8560,16.5,"($42,473)"
1372,CryptoPunk 8560,14.25,"($36,446)"
1373,CryptoPunk 8560,15,"($38,605)"
1374,CryptoPunk 8560,14.25,"($37,409)"
1375,CryptoPunk 8560,15.75,"($38,474)"
1376,CryptoPunk 7729,73.99,"($235,769)"
1377,CryptoPunk 7729,67,"($250,027)"
1378,CryptoPunk 7729,67,"($251,336)"
1379,CryptoPunk 7729,78.99,"($294,500)"
1380,CryptoPunk 7729,0.72,"($2,671)"
1381,CryptoPunk 7729,74.99,"($284,597)"
1382,CryptoPunk 7729,70,"($266,448)"
1383,CryptoPunk 7729,70,"($266,448)"
1384,CryptoPunk 7729,77,"($286,890)"
1385,CryptoPunk 7729,88.9,"($342,283)"
1386,CryptoPunk 7729,101,"($438,031)"
1387,CryptoPunk 7729,99,"($426,164)"
1388,CryptoPunk 7729,105,"($450,784)"
1389,CryptoPunk 7729,102,"($408,552)"
1390,CryptoPunk 7729,102,"($433,694)"
1391,CryptoPunk 7729,135,"($641,080)"
1392,CryptoPunk 7729,210,"($632,167)"
1393,CryptoPunk 7729,251,"($817,954)"
1394,CryptoPunk 7729,122.98,"($396,702)"
1395,CryptoPunk 7729,122.98,"($399,155)"
1396,CryptoPunk 7729,129.98,"($416,487)"
1397,CryptoPunk 7729,137.87,"($542,186)"
1398,CryptoPunk 7729,144.98,"($570,895)"
1399,CryptoPunk 7729,149.68,"($591,131)"
1400,CryptoPunk 7729,157.88,"($597,290)"
1401,CryptoPunk 7729,159.69,"($601,329)"
1402,CryptoPunk 7729,169.69,"($579,466)"
1403,CryptoPunk 7729,174.98,"($568,088)"
1404,CryptoPunk 7729,186.69,"($602,943)"
1405,CryptoPunk 7729,197,"($633,572)"
1406,CryptoPunk 7729,219,"($701,525)"
1407,CryptoPunk 7729,237,"($769,108)"
1408,CryptoPunk 7729,888,($2.86M)
1409,CryptoPunk 7729,888.89,($2.87M)
1410,CryptoPunk 7729,299,"($967,403)"
1411,CryptoPunk 7729,259,"($840,748)"
1412,CryptoPunk 7729,215,"($719,106)"
1413,CryptoPunk 7729,175,"($507,276)"
1414,CryptoPunk 7729,110,"($304,890)"
1415,CryptoPunk 7729,95.96,"($266,473)"
1416,CryptoPunk 7729,89.96,"($252,124)"
1417,CryptoPunk 7729,79.96,"($198,943)"
1418,CryptoPunk 7729,69.95,"($175,785)"
1419,CryptoPunk 7729,64.96,"($165,670)"
1420,CryptoPunk 7729,66.97,"($176,567)"
1421,CryptoPunk 7729,68.89,"($175,459)"
1422,CryptoPunk 7729,71.96,"($182,868)"
1423,CryptoPunk 7729,77.96,"($202,793)"
1424,CryptoPunk 7729,69.97,"($181,611)"
1425,CryptoPunk 7729,58.96,"($144,953)"
1426,CryptoPunk 7729,52.96,"($130,521)"
1427,CryptoPunk 7729,36.5,"($89,955)"
1428,CryptoPunk 7729,36.5,"($71,399)"
1429,CryptoPunk 7729,32,"($125,855)"
1430,CryptoPunk 7729,35,"($109,991)"
1431,CryptoPunk 7729,34,"($100,334)"
1432,CryptoPunk 7729,34,"($96,701)"
1433,CryptoPunk 7729,39,"($70,499)"
1434,CryptoPunk 7729,45,"($70,414)"
1435,CryptoPunk 7729,35,"($66,973)"
1436,CryptoPunk 7729,40,"($14,554)"
1437,CryptoPunk 7729,18,"($6,053)"
1438,CryptoPunk 7729,8,"($1,659)"
1439,CryptoPunk 7729,4,($828)
1440,CryptoPunk 7729,3,($615)
1441,CryptoPunk 7729,3.8,($793)
1442,CryptoPunk 7729,2,($388)
1443,CryptoPunk 7729,1.5,($207)
1444,CryptoPunk 7729,0.4,($70)
1445,CryptoPunk 7729,0.4,($70)
1446,CryptoPunk 7729,0.5,($87)
1447,CryptoPunk 7729,0.25,($45)
1448,CryptoPunk 7729,0.25,($45)
1449,CryptoPunk 7729,0.25,($53)
1450,CryptoPunk 7729,0.25,($54)
1451,CryptoPunk 7729,1,($248)
1452,CryptoPunk 7729,0.2,($119)
1453,CryptoPunk 6560,74,"($230,380)"
1454,CryptoPunk 6560,121,"($521,437)"
1455,CryptoPunk 6560,132,"($569,506)"
1456,CryptoPunk 6560,142,"($619,503)"
1457,CryptoPunk 6560,147,"($429,028)"
1458,CryptoPunk 6560,138,"($399,840)"
1459,CryptoPunk 6560,128,"($441,256)"
1460,CryptoPunk 6560,138,"($501,427)"
1461,CryptoPunk 6560,125,"($449,414)"
1462,CryptoPunk 6560,147,"($574,617)"
1463,CryptoPunk 6560,210,"($654,165)"
1464,CryptoPunk 6560,194,"($617,613)"
1465,CryptoPunk 6560,165,"($525,289)"
1466,CryptoPunk 6560,74,"($247,799)"
1467,CryptoPunk 6560,51,"($166,577)"
1468,CryptoPunk 6560,51,"($166,849)"
1469,CryptoPunk 6560,74,"($204,890)"
1470,CryptoPunk 6560,63.72,"($178,245)"
1471,CryptoPunk 6560,51,"($128,011)"
1472,CryptoPunk 6560,0.07,($171)
1473,CryptoPunk 6560,29.5,"($72,628)"
1474,CryptoPunk 6560,29.5,"($61,698)"
1475,CryptoPunk 6560,0.07,($124)
1476,CryptoPunk 6560,0.05,($16)
1477,CryptoPunk 5766,74,"($235,876)"
1478,CryptoPunk 5766,80,"($328,701)"
1479,CryptoPunk 5766,22,"($50,398)"
1480,CryptoPunk 5766,22,"($49,663)"
1481,CryptoPunk 5151,74,"($236,609)"
1482,CryptoPunk 5151,121.5,"($525,515)"
1483,CryptoPunk 5151,139.5,"($631,589)"
1484,CryptoPunk 5151,151.5,"($679,541)"
1485,CryptoPunk 5151,134,"($440,950)"
1486,CryptoPunk 5151,134,"($407,210)"
1487,CryptoPunk 5151,109.9,"($366,607)"
1488,CryptoPunk 5151,59,"($145,882)"
1489,CryptoPunk 5151,37.95,"($98,501)"
1490,CryptoPunk 5151,37.95,"($94,440)"
1491,CryptoPunk 5151,35.5,"($87,305)"
1492,CryptoPunk 5151,8,"($16,816)"
1493,CryptoPunk 5151,29.95,"($54,961)"
1494,CryptoPunk 5151,8,"($15,990)"
1495,CryptoPunk 5151,37,"($70,922)"
1496,CryptoPunk 5151,29.95,"($55,474)"
1497,CryptoPunk 5151,29.5,"($54,641)"
1498,CryptoPunk 5151,16.5,"($29,414)"
1499,CryptoPunk 5151,16.5,"($29,414)"
1500,CryptoPunk 5151,12.79,"($23,132)"
1501,CryptoPunk 5151,9.95,"($18,163)"
1502,CryptoPunk 5151,7.88,"($12,241)"
1503,CryptoPunk 5151,0.01,($2)
1504,CryptoPunk 5151,0.01,($2)
1505,CryptoPunk 5151,0.01,$0 
1506,CryptoPunk 3346,74,"($280,832)"
1507,CryptoPunk 3346,86,"($347,406)"
1508,CryptoPunk 3346,64,"($262,082)"
1509,CryptoPunk 3346,64,"($260,582)"
1510,CryptoPunk 3346,68.8,"($280,126)"
1511,CryptoPunk 3346,70,"($283,527)"
1512,CryptoPunk 3346,53,"($218,232)"
1513,CryptoPunk 3346,56,"($230,584)"
1514,CryptoPunk 3346,53,"($217,657)"
1515,CryptoPunk 3346,52,"($213,550)"
1516,CryptoPunk 3346,51.15,"($210,060)"
1517,CryptoPunk 3346,56,"($229,977)"
1518,CryptoPunk 3346,51.15,"($205,180)"
1519,CryptoPunk 3346,52.02,"($210,628)"
1520,CryptoPunk 3346,52.02,"($210,395)"
1521,CryptoPunk 3346,51.5,"($209,157)"
1522,CryptoPunk 3346,51,"($207,126)"
1523,CryptoPunk 3346,56.66,"($230,338)"
1524,CryptoPunk 3346,144.99,"($467,522)"
1525,CryptoPunk 3346,45,"($147,476)"
1526,CryptoPunk 3346,49.9,"($163,370)"
1527,CryptoPunk 3346,45,"($147,072)"
1528,CryptoPunk 3346,49.9,"($155,733)"
1529,CryptoPunk 3346,55,"($174,495)"
1530,CryptoPunk 3346,34.5,"($86,771)"
1531,CryptoPunk 3346,27.9,"($71,444)"
1532,CryptoPunk 3346,27.9,"($71,059)"
1533,CryptoPunk 3346,34.5,"($87,869)"
1534,CryptoPunk 3346,35.95,"($93,229)"
1535,CryptoPunk 3346,17.9,"($41,319)"
1536,CryptoPunk 3346,17.9,"($40,005)"
1537,CryptoPunk 3346,18,"($39,800)"
1538,CryptoPunk 3346,16.5,"($31,989)"
1539,CryptoPunk 3346,17.2,"($31,823)"
1540,CryptoPunk 3346,14.5,"($26,741)"
1541,CryptoPunk 3346,14.5,"($26,656)"
1542,CryptoPunk 3346,17.49,"($32,153)"
1543,CryptoPunk 3346,17.98,"($33,147)"
1544,CryptoPunk 3346,18.2,"($33,553)"
1545,CryptoPunk 3346,0,($3)
1546,CryptoPunk 3346,0,$0.00 
1547,CryptoPunk 3346,0,$0.00 
1548,CryptoPunk 3346,3.4,"($1,222)"
1549,CryptoPunk 3346,3.2,"($1,101)"
1550,CryptoPunk 3346,2.3,($795)
1551,CryptoPunk 3346,0.5,($88)
1552,CryptoPunk 3346,0.37,($50)
1553,CryptoPunk 3346,0.33,($39)
1554,CryptoPunk 4188,74.47,"($283,152)"
1555,CryptoPunk 4188,88.88,"($330,787)"
1556,CryptoPunk 4188,10.5,"($18,700)"
1557,CryptoPunk 4188,10.5,"($19,059)"
1558,CryptoPunk 9656,74.5,"($282,737)"
1559,CryptoPunk 9656,76.95,"($312,264)"
1560,CryptoPunk 9656,59.95,"($244,788)"
1561,CryptoPunk 9656,55,"($224,577)"
1562,CryptoPunk 9656,55,"($224,577)"
1563,CryptoPunk 9656,50,"($204,160)"
1564,CryptoPunk 9656,50,"($204,454)"
1565,CryptoPunk 9656,59.95,"($244,903)"
1566,CryptoPunk 9656,65,"($255,535)"
1567,CryptoPunk 9656,69.69,"($279,122)"
1568,CryptoPunk 9656,91,"($287,177)"
1569,CryptoPunk 9656,95.99,"($302,512)"
1570,CryptoPunk 9656,91,"($283,497)"
1571,CryptoPunk 9656,85.85,"($264,035)"
1572,CryptoPunk 9656,95.99,"($295,280)"
1573,CryptoPunk 9656,93,"($289,439)"
1574,CryptoPunk 9656,99.99,"($302,652)"
1575,CryptoPunk 9656,95,"($287,548)"
1576,CryptoPunk 9656,95,"($286,727)"
1577,CryptoPunk 9656,93,"($280,691)"
1578,CryptoPunk 9656,96,"($292,268)"
1579,CryptoPunk 9656,73,"($209,166)"
1580,CryptoPunk 9656,97,"($263,501)"
1581,CryptoPunk 9656,99.99,"($307,238)"
1582,CryptoPunk 9656,88.88,"($296,280)"
1583,CryptoPunk 9656,97.99,"($338,443)"
1584,CryptoPunk 9656,88.88,"($306,469)"
1585,CryptoPunk 9656,98.99,"($341,329)"
1586,CryptoPunk 9656,0,$0.00 
1587,CryptoPunk 9656,0,$0.00 
1588,CryptoPunk 9656,22,"($43,234)"
1589,CryptoPunk 9656,23,"($45,199)"
1590,CryptoPunk 9656,18.9,"($40,462)"
1591,CryptoPunk 9656,18.9,"($39,469)"
1592,CryptoPunk 9656,0.1,($215)
1593,CryptoPunk 9656,0.1,($218)
1594,CryptoPunk 9656,0.1,($218)
1595,CryptoPunk 9656,0.1,($218)
1596,CryptoPunk 9656,0,$0.00 
1597,CryptoPunk 9656,0,$0.00 
1598,CryptoPunk 9656,22.5,"($39,398)"
1599,CryptoPunk 9656,22.5,"($40,003)"
1600,CryptoPunk 9656,22.99,"($39,966)"
1601,CryptoPunk 9656,4.9,"($1,688)"
1602,CryptoPunk 9656,5.8,"($2,052)"
1603,CryptoPunk 9656,3.43,"($1,228)"
1604,CryptoPunk 9656,3.43,"($1,207)"
1605,CryptoPunk 9656,3.1,"($1,091)"
1606,CryptoPunk 9656,2.19,($742)
1607,CryptoPunk 9656,1.8,($613)
1608,CryptoPunk 700,74.87,"($281,230)"
1609,CryptoPunk 3248,62,"($207,149)"
1610,CryptoPunk 3248,62,"($209,650)"
1611,CryptoPunk 3248,74.95,"($229,272)"
1612,CryptoPunk 3248,77.95,"($296,325)"
1613,CryptoPunk 3248,82.95,"($309,264)"
1614,CryptoPunk 3248,79.95,"($299,262)"
1615,CryptoPunk 3248,77.95,"($294,529)"
1616,CryptoPunk 3248,79.95,"($325,187)"
1617,CryptoPunk 3248,76.95,"($315,879)"
1618,CryptoPunk 3248,54.5,"($223,317)"
1619,CryptoPunk 3248,74.95,"($307,112)"
1620,CryptoPunk 3248,54.5,"($221,752)"
1621,CryptoPunk 3248,69.95,"($278,414)"
1622,CryptoPunk 3248,55,"($220,624)"
1623,CryptoPunk 3248,55,"($220,624)"
1624,CryptoPunk 3248,66,"($265,212)"
1625,CryptoPunk 3248,75,"($290,971)"
1626,CryptoPunk 3248,80,"($316,850)"
1627,CryptoPunk 3248,73,"($302,035)"
1628,CryptoPunk 3248,73,"($314,055)"
1629,CryptoPunk 3248,83,"($357,076)"
1630,CryptoPunk 3248,120,"($553,408)"
1631,CryptoPunk 3248,150,"($706,296)"
1632,CryptoPunk 3248,200,"($805,996)"
1633,CryptoPunk 3248,3,"($5,479)"
1634,CryptoPunk 3248,3,"($5,419)"
1635,CryptoPunk 3248,6.4K,($11.43M)
1636,CryptoPunk 3248,1.66K,($2.49M)
1637,CryptoPunk 3248,45,"($16,845)"
1638,CryptoPunk 3248,0.09,($67)
1639,CryptoPunk 3248,0.1,($114)
1640,CryptoPunk 3248,0.15,($103)
1641,CryptoPunk 3248,3.14,"($2,062)"
1642,CryptoPunk 8743,74.95,"($253,428)"
1643,CryptoPunk 8743,79.88,"($245,982)"
1644,CryptoPunk 8743,189.25,"($632,907)"
1645,CryptoPunk 8743,169.42,"($510,074)"
1646,CryptoPunk 8743,147.14,"($556,659)"
1647,CryptoPunk 8743,114.41,"($353,026)"
1648,CryptoPunk 8743,123.4,"($399,131)"
1649,CryptoPunk 8743,125,"($416,676)"
1650,CryptoPunk 8743,69,"($230,005)"
1651,CryptoPunk 8743,69,"($226,650)"
1652,CryptoPunk 8743,72.69,"($224,460)"
1653,CryptoPunk 8743,125,"($363,861)"
1654,CryptoPunk 8743,149,"($411,726)"
1655,CryptoPunk 8743,25,"($68,811)"
1656,CryptoPunk 8743,20,"($51,825)"
1657,CryptoPunk 8743,20,"($48,154)"
1658,CryptoPunk 8743,25,"($60,192)"
1659,CryptoPunk 8743,26.99,"($63,490)"
1660,CryptoPunk 8743,100,"($117,322)"
1661,CryptoPunk 8743,6.99,"($8,201)"
1662,CryptoPunk 8743,6.99,"($8,201)"
1663,CryptoPunk 8743,6.5,"($8,035)"
1664,CryptoPunk 8743,6.5,"($7,957)"
1665,CryptoPunk 8743,8.5,"($10,213)"
1666,CryptoPunk 8743,1.1,($403)
1667,CryptoPunk 8743,1.1,($368)
1668,CryptoPunk 8743,1,($269)
1669,CryptoPunk 5254,74.95,"($284,001)"
1670,CryptoPunk 5254,77.95,"($315,485)"
1671,CryptoPunk 5254,63.95,"($262,514)"
1672,CryptoPunk 5254,63.95,"($262,514)"
1673,CryptoPunk 5254,49.49,"($203,243)"
1674,CryptoPunk 5254,52,"($213,550)"
1675,CryptoPunk 5254,49.49,"($203,321)"
1676,CryptoPunk 5254,49,"($195,794)"
1677,CryptoPunk 5254,52,"($207,782)"
1678,CryptoPunk 5254,48.75,"($192,310)"
1679,CryptoPunk 5254,54.4,"($215,974)"
1680,CryptoPunk 5254,48.75,"($195,553)"
1681,CryptoPunk 5254,48,"($192,544)"
1682,CryptoPunk 5254,51.02,"($207,047)"
1683,CryptoPunk 5254,51.02,"($206,351)"
1684,CryptoPunk 5254,51,"($204,937)"
1685,CryptoPunk 5254,51,"($205,650)"
1686,CryptoPunk 5254,55,"($220,311)"
1687,CryptoPunk 5254,62,"($252,225)"
1688,CryptoPunk 5254,78,"($321,980)"
1689,CryptoPunk 5254,85,"($385,335)"
1690,CryptoPunk 5254,43.98,"($133,219)"
1691,CryptoPunk 5254,43.98,"($132,405)"
1692,CryptoPunk 5254,40.5,"($128,487)"
1693,CryptoPunk 5254,40.5,"($129,066)"
1694,CryptoPunk 5254,41.5,"($132,253)"
1695,CryptoPunk 5254,40,"($132,444)"
1696,CryptoPunk 5254,41.99,"($139,186)"
1697,CryptoPunk 5254,40,"($130,873)"
1698,CryptoPunk 5254,42.25,"($138,369)"
1699,CryptoPunk 5254,42.5,"($138,301)"
1700,CryptoPunk 5254,41.8,"($136,023)"
1701,CryptoPunk 5254,43.75,"($143,709)"
1702,CryptoPunk 5254,44.25,"($144,681)"
1703,CryptoPunk 5254,44.5,"($143,619)"
1704,CryptoPunk 5254,45.75,"($147,396)"
1705,CryptoPunk 5254,44,"($137,320)"
1706,CryptoPunk 5254,46,"($138,803)"
1707,CryptoPunk 5254,46.5,"($142,893)"
1708,CryptoPunk 5254,44,"($137,310)"
1709,CryptoPunk 5254,42,"($131,069)"
1710,CryptoPunk 5254,46.68,"($151,176)"
1711,CryptoPunk 5254,42,"($135,400)"
1712,CryptoPunk 5254,47.9,"($152,003)"
1713,CryptoPunk 5254,47.95,"($151,771)"
1714,CryptoPunk 5254,0,$0.00 
1715,CryptoPunk 5254,0,$0.00 
1716,CryptoPunk 5254,23,"($73,407)"
1717,CryptoPunk 5254,23,"($47,437)"
1718,CryptoPunk 5254,14.01,"($27,453)"
1719,CryptoPunk 5254,20,"($40,908)"
1720,CryptoPunk 5254,14.99,"($30,542)"
1721,CryptoPunk 5254,14.01,"($29,585)"
1722,CryptoPunk 5254,14,"($29,583)"
1723,CryptoPunk 5254,14,"($29,562)"
1724,CryptoPunk 5254,13,"($27,450)"
1725,CryptoPunk 5254,14.99,"($31,652)"
1726,CryptoPunk 5254,21.25,"($37,915)"
1727,CryptoPunk 5254,20.75,"($37,640)"
1728,CryptoPunk 5254,20.75,"($37,488)"
1729,CryptoPunk 5254,18,"($32,873)"
1730,CryptoPunk 5254,18,"($32,835)"
1731,CryptoPunk 5254,21.25,"($38,764)"
1732,CryptoPunk 5254,0.4,($60)
1733,CryptoPunk 5254,0.4,($70)
1734,CryptoPunk 5254,0.25,($47)
1735,CryptoPunk 5254,0.25,($47)
1736,CryptoPunk 5254,1,($306)
1737,CryptoPunk 1580,74.95,"($264,734)"
1738,CryptoPunk 1580,68,"($246,288)"
1739,CryptoPunk 1580,66,"($239,044)"
1740,CryptoPunk 1580,68,"($246,288)"
1741,CryptoPunk 1580,66,"($239,044)"
1742,CryptoPunk 1580,72,"($260,775)"
1743,CryptoPunk 1580,76.5,"($282,730)"
1744,CryptoPunk 1580,78.5,"($292,673)"
1745,CryptoPunk 1580,70,"($260,014)"
1746,CryptoPunk 1580,70,"($262,018)"
1747,CryptoPunk 1580,80,"($297,713)"
1748,CryptoPunk 1580,85,"($316,841)"
1749,CryptoPunk 1580,0.1,($105)
1750,CryptoPunk 1580,0.1,($114)
1751,CryptoPunk 1580,0.2,($131)
1752,CryptoPunk 4368,52.5,"($194,265)"
1753,CryptoPunk 4368,52.5,"($213,362)"
1754,CryptoPunk 4368,74.99,"($303,634)"
1755,CryptoPunk 4368,79.99,"($309,312)"
1756,CryptoPunk 4368,74.99,"($281,936)"
1757,CryptoPunk 4368,70,"($286,935)"
1758,CryptoPunk 4368,70,"($286,935)"
1759,CryptoPunk 4368,89,"($401,663)"
1760,CryptoPunk 4368,222.22,"($843,125)"
1761,CryptoPunk 4368,108.99,"($372,755)"
1762,CryptoPunk 4368,164.75,"($492,775)"
1763,CryptoPunk 4368,115.99,"($346,932)"
1764,CryptoPunk 4368,108.99,"($304,995)"
1765,CryptoPunk 4368,108.71,"($306,374)"
1766,CryptoPunk 4368,108.71,"($304,141)"
1767,CryptoPunk 4368,115.99,"($324,509)"
1768,CryptoPunk 4368,108.69,"($310,008)"
1769,CryptoPunk 4368,108.69,"($310,008)"
1770,CryptoPunk 4368,108.69,"($311,873)"
1771,CryptoPunk 4368,118,"($341,932)"
1772,CryptoPunk 4368,130,"($398,499)"
1773,CryptoPunk 4368,175,"($559,947)"
1774,CryptoPunk 4368,199,"($636,159)"
1775,CryptoPunk 4368,200,"($639,356)"
1776,CryptoPunk 4368,300,"($970,638)"
1777,CryptoPunk 4368,124.5,"($403,094)"
1778,CryptoPunk 4368,85,"($281,769)"
1779,CryptoPunk 4368,85,"($252,427)"
1780,CryptoPunk 4368,12,"($31,276)"
1781,CryptoPunk 4368,12,"($30,691)"
1782,CryptoPunk 8204,70,"($269,265)"
1783,CryptoPunk 8204,70,"($263,103)"
1784,CryptoPunk 8204,74.99,"($281,859)"
1785,CryptoPunk 8204,139.99,"($617,342)"
1786,CryptoPunk 8204,0.5,($95)
1787,CryptoPunk 8204,0.75,($201)
1788,CryptoPunk 6806,74.99,"($303,634)"
1789,CryptoPunk 6806,79.99,"($309,312)"
1790,CryptoPunk 6806,89.99,"($373,510)"
1791,CryptoPunk 6806,74.99,"($311,074)"
1792,CryptoPunk 6806,74.99,"($311,479)"
1793,CryptoPunk 6806,88,"($377,560)"
1794,CryptoPunk 6806,88,"($378,998)"
1795,CryptoPunk 6806,87,"($370,850)"
1796,CryptoPunk 6806,94.99,"($404,908)"
1797,CryptoPunk 6806,87,"($368,994)"
1798,CryptoPunk 6806,92.99,"($427,004)"
1799,CryptoPunk 6806,89.99,"($417,690)"
1800,CryptoPunk 6806,96,"($418,707)"
1801,CryptoPunk 6806,99.99,"($436,109)"
1802,CryptoPunk 6806,96,"($418,101)"
1803,CryptoPunk 6806,99.99,"($435,478)"
1804,CryptoPunk 6806,109.99,"($475,480)"
1805,CryptoPunk 6806,119.99,"($513,983)"
1806,CryptoPunk 6806,120,"($514,026)"
1807,CryptoPunk 6806,130,"($518,822)"
1808,CryptoPunk 6806,90.99,"($284,309)"
1809,CryptoPunk 6806,299,($1.04M)
1810,CryptoPunk 6806,299,($1.04M)
1811,CryptoPunk 6806,99.5,"($323,490)"
1812,CryptoPunk 6806,90.99,"($297,449)"
1813,CryptoPunk 6806,99.5,"($325,268)"
1814,CryptoPunk 6806,84,"($265,611)"
1815,CryptoPunk 6806,99.95,"($316,045)"
1816,CryptoPunk 6806,84,"($261,400)"
1817,CryptoPunk 6806,93,"($285,595)"
1818,CryptoPunk 6806,81.81,"($251,231)"
1819,CryptoPunk 6806,81.81,"($251,231)"
1820,CryptoPunk 6806,172,"($545,778)"
1821,CryptoPunk 6806,54,"($152,207)"
1822,CryptoPunk 6806,54,"($131,914)"
1823,CryptoPunk 6806,34,"($66,430)"
1824,CryptoPunk 6806,20,"($39,458)"
1825,CryptoPunk 6806,20,"($39,034)"
1826,CryptoPunk 6196,74.99,"($253,575)"
1827,CryptoPunk 6196,84.99,"($345,687)"
1828,CryptoPunk 6196,79.99,"($328,010)"
1829,CryptoPunk 6196,76,"($311,979)"
1830,CryptoPunk 6196,76,"($298,437)"
1831,CryptoPunk 6196,69,"($290,241)"
1832,CryptoPunk 6196,69,"($292,399)"
1833,CryptoPunk 6196,93.25,"($425,473)"
1834,CryptoPunk 6196,100,"($462,731)"
1835,CryptoPunk 6196,102.5,"($470,151)"
1836,CryptoPunk 6196,106,"($443,439)"
1837,CryptoPunk 6196,95,"($407,981)"
1838,CryptoPunk 6196,95,"($395,262)"
1839,CryptoPunk 6196,90,"($417,190)"
1840,CryptoPunk 6196,108.25,"($502,194)"
1841,CryptoPunk 6196,90,"($421,170)"
1842,CryptoPunk 6196,109.99,"($510,497)"
1843,CryptoPunk 6196,138.25,"($635,162)"
1844,CryptoPunk 6196,12.83,"($55,973)"
1845,CryptoPunk 6196,12.83,"($54,919)"
1846,CryptoPunk 6196,128.25,"($541,463)"
1847,CryptoPunk 6196,144.25,"($554,936)"
1848,CryptoPunk 6196,148.25,"($506,564)"
1849,CryptoPunk 6196,162.5,"($580,223)"
1850,CryptoPunk 6196,165,"($591,782)"
1851,CryptoPunk 6196,85.5,"($280,204)"
1852,CryptoPunk 6196,82.69,"($266,847)"
1853,CryptoPunk 6196,18.25,"($50,299)"
1854,CryptoPunk 6196,18.88,"($52,514)"
1855,CryptoPunk 6196,18.25,"($50,762)"
1856,CryptoPunk 6196,17.25,"($47,981)"
1857,CryptoPunk 6196,19.75,"($54,535)"
1858,CryptoPunk 6196,17.25,"($47,632)"
1859,CryptoPunk 6196,20.25,"($55,916)"
1860,CryptoPunk 6196,21,"($54,103)"
1861,CryptoPunk 6196,18,"($50,264)"
1862,CryptoPunk 6196,18,"($50,264)"
1863,CryptoPunk 6196,18.5,"($51,661)"
1864,CryptoPunk 6196,23,"($59,545)"
1865,CryptoPunk 6196,12,"($47,258)"
1866,CryptoPunk 6196,17,"($65,287)"
1867,CryptoPunk 6196,17,"($65,287)"
1868,CryptoPunk 6196,12,"($49,256)"
1869,CryptoPunk 6196,11.5,"($47,203)"
1870,CryptoPunk 6196,17.9,"($76,252)"
1871,CryptoPunk 6196,21.99,"($91,705)"
1872,CryptoPunk 6196,24.5,"($97,791)"
1873,CryptoPunk 6196,37,"($141,440)"
1874,CryptoPunk 6196,49,"($157,332)"
1875,CryptoPunk 6196,4,"($7,664)"
1876,CryptoPunk 6196,4,"($7,664)"
1877,CryptoPunk 6196,28.75,"($47,893)"
1878,CryptoPunk 6196,24.95,"($42,227)"
1879,CryptoPunk 6196,26.55,"($44,935)"
1880,CryptoPunk 6196,27.95,"($48,804)"
1881,CryptoPunk 6196,28.75,"($51,401)"
1882,CryptoPunk 6196,29.88,"($52,809)"
1883,CryptoPunk 6196,32.1,"($59,173)"
1884,CryptoPunk 6196,27.5,"($49,535)"
1885,CryptoPunk 6196,26.1,"($47,013)"
1886,CryptoPunk 6196,27.5,"($49,535)"
1887,CryptoPunk 6196,26.1,"($46,861)"
1888,CryptoPunk 6196,29,"($52,720)"
1889,CryptoPunk 6196,26,"($47,958)"
1890,CryptoPunk 6196,30,"($47,450)"
1891,CryptoPunk 6196,32.99,"($50,511)"
1892,CryptoPunk 6196,39,"($57,211)"
1893,CryptoPunk 6196,7.5,"($12,441)"
1894,CryptoPunk 6196,7.5,"($5,456)"
1895,CryptoPunk 6196,5.5,"($2,033)"
1896,CryptoPunk 6196,0.25,($45)
1897,CryptoPunk 6196,0.25,($45)
1898,CryptoPunk 6196,0.5,($153)
1899,CryptoPunk 5443,75,"($252,298)"
1900,CryptoPunk 5443,64,"($260,554)"
1901,CryptoPunk 5443,68,"($279,139)"
1902,CryptoPunk 5443,64,"($255,954)"
1903,CryptoPunk 5443,68,"($259,510)"
1904,CryptoPunk 5443,67,"($288,880)"
1905,CryptoPunk 5443,67,"($290,638)"
1906,CryptoPunk 5443,75,"($325,341)"
1907,CryptoPunk 5443,78,"($338,355)"
1908,CryptoPunk 5443,106,"($504,015)"
1909,CryptoPunk 5443,106,"($477,126)"
1910,CryptoPunk 5443,103,"($461,749)"
1911,CryptoPunk 5443,103,"($448,860)"
1912,CryptoPunk 5443,104,"($436,536)"
1913,CryptoPunk 5443,105,"($456,752)"
1914,CryptoPunk 5443,109,"($481,348)"
1915,CryptoPunk 5443,110,"($478,582)"
1916,CryptoPunk 5443,113,"($467,571)"
1917,CryptoPunk 5443,115,"($491,722)"
1918,CryptoPunk 5443,124,"($513,546)"
1919,CryptoPunk 5443,98,"($413,449)"
1920,CryptoPunk 5443,98,"($413,449)"
1921,CryptoPunk 5443,110,"($461,315)"
1922,CryptoPunk 5443,150,"($403,147)"
1923,CryptoPunk 5443,15.25,"($27,573)"
1924,CryptoPunk 5443,14,"($28,131)"
1925,CryptoPunk 5443,15.25,"($29,937)"
1926,CryptoPunk 5443,14,"($26,534)"
1927,CryptoPunk 5443,15.75,"($30,064)"
1928,CryptoPunk 5443,16.25,"($31,399)"
1929,CryptoPunk 6405,75,"($253,140)"
1930,CryptoPunk 6405,69,"($231,056)"
1931,CryptoPunk 6405,60,"($188,504)"
1932,CryptoPunk 6405,60,"($195,188)"
1933,CryptoPunk 6405,55,"($173,100)"
1934,CryptoPunk 6405,55,"($173,100)"
1935,CryptoPunk 6405,69,"($170,262)"
1936,CryptoPunk 6405,26,"($54,103)"
1937,CryptoPunk 6405,16,"($33,659)"
1938,CryptoPunk 6405,16,"($33,545)"
1939,CryptoPunk 6405,26,"($45,952)"
1940,CryptoPunk 6405,18,"($30,388)"
1941,CryptoPunk 6405,21,"($35,784)"
1942,CryptoPunk 6405,24.99,"($42,881)"
1943,CryptoPunk 6405,27.5,"($46,079)"
1944,CryptoPunk 6405,29,"($49,083)"
1945,CryptoPunk 6405,18,"($30,518)"
1946,CryptoPunk 6405,15,"($25,431)"
1947,CryptoPunk 6405,29.5,"($52,550)"
1948,CryptoPunk 6405,31.5,"($56,759)"
1949,CryptoPunk 6405,35,"($41,547)"
1950,CryptoPunk 6405,11,"($11,083)"
1951,CryptoPunk 9509,70,"($223,894)"
1952,CryptoPunk 9509,70,"($247,250)"
1953,CryptoPunk 9509,75,"($285,709)"
1954,CryptoPunk 9509,0.3,($65)
1955,CryptoPunk 9509,0.3,($66)
1956,CryptoPunk 9509,0.5,($153)
1957,CryptoPunk 6259,75,"($302,128)"
1958,CryptoPunk 6259,100,"($471,106)"
1959,CryptoPunk 6259,242,"($919,651)"
1960,CryptoPunk 6259,14.99,"($29,770)"
1961,CryptoPunk 6259,14.99,"($27,511)"
1962,CryptoPunk 6259,14.7,"($28,538)"
1963,CryptoPunk 6259,14.84,"($30,066)"
1964,CryptoPunk 6259,14.93,"($32,931)"
1965,CryptoPunk 6259,14.15,"($31,203)"
1966,CryptoPunk 6259,14.15,"($31,610)"
1967,CryptoPunk 6259,14,"($31,275)"
1968,CryptoPunk 6259,14.49,"($32,552)"
1969,CryptoPunk 6259,14,"($32,843)"
1970,CryptoPunk 6259,14.99,"($34,996)"
1971,CryptoPunk 6259,10,"($23,411)"
1972,CryptoPunk 6259,15.75,"($36,619)"
1973,CryptoPunk 6259,16.49,"($44,823)"
1974,CryptoPunk 6259,16.9,"($40,813)"
1975,CryptoPunk 6259,19.87,"($54,349)"
1976,CryptoPunk 6259,15.75,"($43,813)"
1977,CryptoPunk 6259,15.75,"($43,121)"
1978,CryptoPunk 6259,17,"($46,531)"
1979,CryptoPunk 6259,1.1,($422)
1980,CryptoPunk 6259,1.1,($420)
1981,CryptoPunk 5614,75,"($293,119)"
1982,CryptoPunk 5614,99,"($398,156)"
1983,CryptoPunk 5614,72,"($282,490)"
1984,CryptoPunk 5614,76,"($305,173)"
1985,CryptoPunk 5614,79,"($316,739)"
1986,CryptoPunk 5614,99,"($402,377)"
1987,CryptoPunk 5614,69,"($280,444)"
1988,CryptoPunk 5614,69,"($280,444)"
1989,CryptoPunk 5614,0,($41)
1990,CryptoPunk 5614,9.85,"($17,409)"
1991,CryptoPunk 5614,9.85,"($17,937)"
1992,CryptoPunk 5614,5.9,"($10,544)"
1993,CryptoPunk 5614,5.2,"($9,111)"
1994,CryptoPunk 5614,5.2,"($9,434)"
1995,CryptoPunk 5614,5.9,"($7,762)"
1996,CryptoPunk 5614,5.2,"($6,705)"
1997,CryptoPunk 5614,5.2,"($1,840)"
1998,CryptoPunk 5614,3.43,"($1,229)"
1999,CryptoPunk 5614,3.43,"($1,207)"
2000,CryptoPunk 5614,3.1,"($1,091)"
2001,CryptoPunk 5614,2,($679)
2002,CryptoPunk 5614,1.55,($583)
2003,CryptoPunk 5614,1.55,($343)
2004,CryptoPunk 7998,75,"($253,140)"
2005,CryptoPunk 7998,69,"($231,056)"
2006,CryptoPunk 7998,69,"($213,066)"
2007,CryptoPunk 7998,23,"($34,005)"
2008,CryptoPunk 7998,23,"($33,240)"
2009,CryptoPunk 7998,24.99,"($36,640)"
2010,CryptoPunk 7998,17.99,"($26,377)"
2011,CryptoPunk 7998,17.99,"($26,377)"
2012,CryptoPunk 7998,22,"($34,895)"
2013,CryptoPunk 7998,2.5,($873)
2014,CryptoPunk 7998,1.5,($553)
2015,CryptoPunk 7998,1.9,($711)
2016,CryptoPunk 7998,2,($467)
2017,CryptoPunk 7998,1,($227)
2018,CryptoPunk 7998,2,($445)
2019,CryptoPunk 7998,3.5,($702)
2020,CryptoPunk 7998,1.25,($251)
2021,CryptoPunk 7998,1.25,($222)
2022,CryptoPunk 7998,0.4,($218)
2023,CryptoPunk 7998,0.2,($123)
2024,CryptoPunk 6776,75,"($230,954)"
2025,CryptoPunk 6776,65,"($207,188)"
2026,CryptoPunk 6776,65,"($210,085)"
2027,CryptoPunk 6776,60,"($193,924)"
2028,CryptoPunk 6776,60,"($191,593)"
2029,CryptoPunk 6776,66.66,"($222,936)"
2030,CryptoPunk 6776,73.73,"($272,493)"
2031,CryptoPunk 2686,75,"($234,473)"
2032,CryptoPunk 2686,54,"($216,612)"
2033,CryptoPunk 2686,54,"($215,715)"
2034,CryptoPunk 2686,58,"($233,405)"
2035,CryptoPunk 2686,62,"($249,561)"
2036,CryptoPunk 2686,72,"($285,023)"
2037,CryptoPunk 2686,82,"($333,209)"
2038,CryptoPunk 2686,102,"($375,791)"
2039,CryptoPunk 2686,32.99,"($68,857)"
2040,CryptoPunk 2686,31,"($64,704)"
2041,CryptoPunk 2686,31,"($65,894)"
2042,CryptoPunk 2686,32.99,"($136,211)"
2043,CryptoPunk 695,75,"($281,719)"
2044,CryptoPunk 898,75,"($286,805)"
2045,CryptoPunk 898,300,"($919,872)"
2046,CryptoPunk 898,22.22,"($43,172)"
2047,CryptoPunk 898,22.22,"($42,539)"
2048,CryptoPunk 898,29.99,"($57,015)"
2049,CryptoPunk 898,0.5,($65)
2050,CryptoPunk 898,0.5,($66)
2051,CryptoPunk 898,0.05,($13)
2052,CryptoPunk 6712,69,"($259,641)"
2053,CryptoPunk 6712,69,"($259,641)"
2054,CryptoPunk 6712,67.42,"($253,631)"
2055,CryptoPunk 6712,67.42,"($257,818)"
2056,CryptoPunk 6712,75,"($285,829)"
2057,CryptoPunk 6712,88,"($265,381)"
2058,CryptoPunk 6712,88,"($258,264)"
2059,CryptoPunk 6712,125,"($346,686)"
2060,CryptoPunk 6712,200,"($616,942)"
2061,CryptoPunk 6712,13,"($25,024)"
2062,CryptoPunk 6712,20.2,"($39,628)"
2063,CryptoPunk 6712,20.2,"($39,105)"
2064,CryptoPunk 6712,13,"($25,238)"
2065,CryptoPunk 6712,17.95,"($36,450)"
2066,CryptoPunk 6712,15,"($26,258)"
2067,CryptoPunk 6712,11,"($19,397)"
2068,CryptoPunk 6712,14,"($22,291)"
2069,CryptoPunk 6712,11,"($14,637)"
2070,CryptoPunk 6712,9,"($11,970)"
2071,CryptoPunk 6828,75.99,"($327,642)"
2072,CryptoPunk 6828,74.99,"($314,876)"
2073,CryptoPunk 6828,72,"($295,597)"
2074,CryptoPunk 6828,72,"($295,597)"
2075,CryptoPunk 6828,5.69,"($8,727)"
2076,CryptoPunk 6828,5.69,"($8,727)"
2077,CryptoPunk 6828,6,"($2,255)"
2078,CryptoPunk 6828,0.5,($134)
2079,CryptoPunk 5741,76,"($287,552)"
2080,CryptoPunk 5741,8.89K,($28.9M)
2081,CryptoPunk 5741,98,"($318,614)"
2082,CryptoPunk 5741,98,"($327,779)"
2083,CryptoPunk 5741,68.87,"($230,147)"
2084,CryptoPunk 5741,68.87,"($229,572)"
2085,CryptoPunk 5741,56.88,"($189,604)"
2086,CryptoPunk 5741,56.88,"($185,941)"
2087,CryptoPunk 5741,51,"($166,720)"
2088,CryptoPunk 5741,51,"($166,720)"
2089,CryptoPunk 5741,45,"($137,231)"
2090,CryptoPunk 5741,45,"($137,231)"
2091,CryptoPunk 4454,64,"($257,612)"
2092,CryptoPunk 4454,64,"($259,180)"
2093,CryptoPunk 4454,65,"($263,229)"
2094,CryptoPunk 4454,65,"($274,077)"
2095,CryptoPunk 4454,73,"($330,549)"
2096,CryptoPunk 4454,73,"($326,880)"
2097,CryptoPunk 4454,70,"($314,243)"
2098,CryptoPunk 4454,76.69,"($348,426)"
2099,CryptoPunk 4454,83,"($391,031)"
2100,CryptoPunk 4454,0.5,"($2,041)"
2101,CryptoPunk 4454,89,"($363,218)"
2102,CryptoPunk 4454,97,"($399,828)"
2103,CryptoPunk 4454,55,"($178,946)"
2104,CryptoPunk 4454,55,"($177,812)"
2105,CryptoPunk 4454,51,"($168,236)"
2106,CryptoPunk 4454,56,"($172,923)"
2107,CryptoPunk 4454,51,"($155,080)"
2108,CryptoPunk 4454,40,"($118,789)"
2109,CryptoPunk 4454,60,"($177,402)"
2110,CryptoPunk 4454,51,"($150,792)"
2111,CryptoPunk 4454,51,"($151,154)"
2112,CryptoPunk 4454,40,"($115,949)"
2113,CryptoPunk 4454,53,"($155,647)"
2114,CryptoPunk 4454,54,"($151,908)"
2115,CryptoPunk 4454,54.69,"($151,651)"
2116,CryptoPunk 4454,55.69,"($154,424)"
2117,CryptoPunk 4454,53,"($146,965)"
2118,CryptoPunk 4454,53,"($145,533)"
2119,CryptoPunk 4454,35.05,"($95,401)"
2120,CryptoPunk 4454,33.1,"($90,670)"
2121,CryptoPunk 4454,33.1,"($89,818)"
2122,CryptoPunk 4454,28.88,"($77,785)"
2123,CryptoPunk 4454,28.88,"($71,854)"
2124,CryptoPunk 4454,35.05,"($89,270)"
2125,CryptoPunk 4454,16.5,"($32,553)"
2126,CryptoPunk 4454,16.5,"($32,353)"
2127,CryptoPunk 4454,14.5,"($28,300)"
2128,CryptoPunk 4454,4.3,"($8,425)"
2129,CryptoPunk 4454,4.3,"($8,425)"
2130,CryptoPunk 4454,14.5,"($27,739)"
2131,CryptoPunk 9345,76.69,"($263,222)"
2132,CryptoPunk 9345,79.45,"($296,215)"
2133,CryptoPunk 9345,95,"($354,190)"
2134,CryptoPunk 9345,69.45,"($258,932)"
2135,CryptoPunk 9345,69.45,"($256,985)"
2136,CryptoPunk 9345,4,"($14,536)"
2137,CryptoPunk 9345,4,"($14,536)"
2138,CryptoPunk 9345,2.12,"($7,704)"
2139,CryptoPunk 9345,1.1,"($3,997)"
2140,CryptoPunk 9345,1,"($3,634)"
2141,CryptoPunk 9345,1,"($2,532)"
2142,CryptoPunk 9345,1,"($2,812)"
2143,CryptoPunk 9345,14.89,"($43,379)"
2144,CryptoPunk 9345,14.89,"($42,698)"
2145,CryptoPunk 9345,13,"($44,279)"
2146,CryptoPunk 9345,13,"($46,099)"
2147,CryptoPunk 9345,10,"($35,369)"
2148,CryptoPunk 9345,13,"($43,464)"
2149,CryptoPunk 9345,13,"($43,464)"
2150,CryptoPunk 9345,14.5,"($48,479)"
2151,CryptoPunk 9345,16,"($52,733)"
2152,CryptoPunk 9345,19.9,"($75,518)"
2153,CryptoPunk 9345,300,"($103,098)"
2154,CryptoPunk 9345,1.99,($684)
2155,CryptoPunk 9345,1.8,($607)
2156,CryptoPunk 5265,76.76,"($273,766)"
2157,CryptoPunk 5265,88.88,"($330,787)"
2158,CryptoPunk 1857,76.95,"($249,929)"
2159,CryptoPunk 1857,79.95,"($303,988)"
2160,CryptoPunk 1857,75,"($304,798)"
2161,CryptoPunk 1857,75,"($304,798)"
2162,CryptoPunk 1857,81.18,"($332,890)"
2163,CryptoPunk 1857,74.4,"($293,306)"
2164,CryptoPunk 1857,79.9,"($317,984)"
2165,CryptoPunk 1857,82.9,"($338,924)"
2166,CryptoPunk 1857,71,"($321,493)"
2167,CryptoPunk 1857,75,"($339,712)"
2168,CryptoPunk 1857,71,"($321,488)"
2169,CryptoPunk 1857,75,"($339,600)"
2170,CryptoPunk 1857,87.9,"($393,600)"
2171,CryptoPunk 1857,288,"($860,921)"
2172,CryptoPunk 1857,4,"($15,704)"
2173,CryptoPunk 1857,0.5,"($1,956)"
2174,CryptoPunk 1857,0.5,"($1,851)"
2175,CryptoPunk 1857,0.25,($830)
2176,CryptoPunk 1857,0.15,($500)
2177,CryptoPunk 1857,0.15,($500)
2178,CryptoPunk 1857,378,($1.22M)
2179,CryptoPunk 1857,303,"($950,787)"
2180,CryptoPunk 1857,888,($2.81M)
2181,CryptoPunk 1857,35,"($53,426)"
2182,CryptoPunk 1857,35,"($50,026)"
2183,CryptoPunk 1857,2.25,"($3,804)"
2184,CryptoPunk 1857,2.25,"($3,714)"
2185,CryptoPunk 1857,0.3,($330)
2186,CryptoPunk 1857,0.3,($364)
2187,CryptoPunk 1857,0.08,($43)
2188,CryptoPunk 1857,0.08,($61)
2189,CryptoPunk 1857,0.05,($49)
2190,CryptoPunk 1857,0.05,($36)
2191,CryptoPunk 2347,76.95,"($235,390)"
2192,CryptoPunk 2347,81.95,"($311,531)"
2193,CryptoPunk 2347,84.95,"($316,721)"
2194,CryptoPunk 2347,79.95,"($325,733)"
2195,CryptoPunk 2347,77.95,"($319,984)"
2196,CryptoPunk 2347,74.95,"($308,475)"
2197,CryptoPunk 2347,69.95,"($284,366)"
2198,CryptoPunk 2347,52,"($208,955)"
2199,CryptoPunk 2347,52,"($208,955)"
2200,CryptoPunk 2347,80,"($319,197)"
2201,CryptoPunk 2347,101,"($455,928)"
2202,CryptoPunk 2347,66.59,"($207,307)"
2203,CryptoPunk 2347,66.59,"($206,552)"
2204,CryptoPunk 2347,62.99,"($183,320)"
2205,CryptoPunk 2347,68.99,"($190,576)"
2206,CryptoPunk 2347,64.99,"($181,217)"
2207,CryptoPunk 2347,49.99,"($139,391)"
2208,CryptoPunk 2347,47,"($122,842)"
2209,CryptoPunk 2347,49.99,"($134,214)"
2210,CryptoPunk 2347,51.5,"($138,536)"
2211,CryptoPunk 2347,52.98,"($142,494)"
2212,CryptoPunk 2347,45,"($112,132)"
2213,CryptoPunk 2347,45,"($113,085)"
2214,CryptoPunk 2347,30,"($75,806)"
2215,CryptoPunk 2347,30,"($75,525)"
2216,CryptoPunk 2347,50,"($126,581)"
2217,CryptoPunk 2347,18,"($43,396)"
2218,CryptoPunk 2347,18,"($41,633)"
2219,CryptoPunk 2347,16.5,"($37,814)"
2220,CryptoPunk 2347,16.5,"($43,824)"
2221,CryptoPunk 2347,16,"($59,505)"
2222,CryptoPunk 2347,16,"($61,058)"
2223,CryptoPunk 2347,8,"($32,338)"
2224,CryptoPunk 2347,20,"($81,048)"
2225,CryptoPunk 2347,50,"($200,388)"
2226,CryptoPunk 2347,0.42,($128)
2227,CryptoPunk 2347,0.42,($86)
2228,CryptoPunk 1803,77,"($250,068)"
2229,CryptoPunk 1803,94,"($349,243)"
2230,CryptoPunk 1803,140,"($452,319)"
2231,CryptoPunk 1803,16.49,"($42,729)"
2232,CryptoPunk 1803,16.49,"($40,890)"
2233,CryptoPunk 1803,13,"($52,184)"
2234,CryptoPunk 1803,13,"($48,708)"
2235,CryptoPunk 1803,20.98,"($86,115)"
2236,CryptoPunk 1803,26,"($100,851)"
2237,CryptoPunk 1803,19,"($39,273)"
2238,CryptoPunk 1803,12.5,"($25,348)"
2239,CryptoPunk 1803,12.5,"($24,974)"
2240,CryptoPunk 1803,7.5,"($13,766)"
2241,CryptoPunk 1803,7.5,"($13,788)"
2242,CryptoPunk 1803,19,"($35,210)"
2243,CryptoPunk 9091,77,"($314,647)"
2244,CryptoPunk 9091,68,"($277,518)"
2245,CryptoPunk 9091,68,"($277,518)"
2246,CryptoPunk 9091,72,"($292,846)"
2247,CryptoPunk 9091,0,($31)
2248,CryptoPunk 9091,0.01,($13)
2249,CryptoPunk 1794,77.67,"($252,998)"
2250,CryptoPunk 1794,82.95,"($311,008)"
2251,CryptoPunk 1794,85.69,"($322,246)"
2252,CryptoPunk 1794,81.86,"($320,896)"
2253,CryptoPunk 1794,1,"($4,061)"
2254,CryptoPunk 1794,1,"($4,061)"
2255,CryptoPunk 1794,90.89,"($370,602)"
2256,CryptoPunk 1794,85,"($345,727)"
2257,CryptoPunk 1794,75,"($304,508)"
2258,CryptoPunk 1794,75,"($305,167)"
2259,CryptoPunk 1794,82,"($334,085)"
2260,CryptoPunk 1794,68,"($279,648)"
2261,CryptoPunk 1794,64,"($261,700)"
2262,CryptoPunk 1794,62,"($253,277)"
2263,CryptoPunk 1794,75,"($299,206)"
2264,CryptoPunk 1794,67,"($270,443)"
2265,CryptoPunk 1794,67,"($271,056)"
2266,CryptoPunk 1794,70,"($283,193)"
2267,CryptoPunk 1794,78,"($301,160)"
2268,CryptoPunk 1794,80,"($304,248)"
2269,CryptoPunk 1794,70,"($279,523)"
2270,CryptoPunk 1794,73.88,"($299,751)"
2271,CryptoPunk 1794,73.88,"($294,998)"
2272,CryptoPunk 1794,83,"($331,162)"
2273,CryptoPunk 1794,86,"($350,683)"
2274,CryptoPunk 1794,94,"($386,959)"
2275,CryptoPunk 1794,73,"($296,515)"
2276,CryptoPunk 1794,73,"($307,066)"
2277,CryptoPunk 1794,70,"($287,386)"
2278,CryptoPunk 1794,70,"($272,383)"
2279,CryptoPunk 1794,200,"($647,092)"
2280,CryptoPunk 1794,27.5,"($49,572)"
2281,CryptoPunk 1794,27.5,"($52,712)"
2282,CryptoPunk 1794,10,"($19,668)"
2283,CryptoPunk 1794,19,"($37,370)"
2284,CryptoPunk 1794,10,"($19,668)"
2285,CryptoPunk 1794,19,"($37,370)"
2286,CryptoPunk 1794,8,"($15,735)"
2287,CryptoPunk 1794,8,"($15,735)"
2288,CryptoPunk 1794,14,"($27,239)"
2289,CryptoPunk 1794,17,"($32,637)"
2290,CryptoPunk 5131,58,"($235,318)"
2291,CryptoPunk 5131,77.7,"($314,094)"
2292,CryptoPunk 5131,70,"($287,349)"
2293,CryptoPunk 5131,58,"($236,820)"
2294,CryptoPunk 5131,70,"($274,903)"
2295,CryptoPunk 5131,73,"($286,413)"
2296,CryptoPunk 5131,76,"($305,173)"
2297,CryptoPunk 5131,79,"($316,739)"
2298,CryptoPunk 5131,99,"($402,377)"
2299,CryptoPunk 5131,73,"($296,702)"
2300,CryptoPunk 5131,69,"($280,444)"
2301,CryptoPunk 5131,69,"($280,003)"
2302,CryptoPunk 5131,9.85,"($17,409)"
2303,CryptoPunk 5131,9.85,"($18,061)"
2304,CryptoPunk 5131,4,"($1,433)"
2305,CryptoPunk 5131,4,"($1,513)"
2306,CryptoPunk 5131,1.98,($726)
2307,CryptoPunk 5131,1.88,($696)
2308,CryptoPunk 5131,1.75,($659)
2309,CryptoPunk 5131,1.75,($396)
2310,CryptoPunk 5131,1.29,($315)
2311,CryptoPunk 5131,1.45,($299)
2312,CryptoPunk 5131,1.45,($290)
2313,CryptoPunk 2071,77.73,"($262,064)"
2314,CryptoPunk 2071,100,"($436,929)"
2315,CryptoPunk 2071,22.5,"($38,147)"
2316,CryptoPunk 2071,0.01,($<0.01)
2317,CryptoPunk 2071,0.12,($84)
2318,CryptoPunk 2071,0.12,($79)
2319,CryptoPunk 9056,77.77,"($261,358)"
2320,CryptoPunk 9056,64,"($205,723)"
2321,CryptoPunk 9056,88.88,"($274,278)"
2322,CryptoPunk 9056,19,"($33,929)"
2323,CryptoPunk 9056,19,"($34,793)"
2324,CryptoPunk 9056,31,"($54,183)"
2325,CryptoPunk 9056,0.49,($118)
2326,CryptoPunk 7214,55,"($207,248)"
2327,CryptoPunk 7214,55,"($206,243)"
2328,CryptoPunk 7214,77.77,"($291,931)"
2329,CryptoPunk 7214,0.01,$0 
2330,CryptoPunk 7214,0.01,($1)
2331,CryptoPunk 7214,0.01,($2)
2332,CryptoPunk 3845,77.8,"($255,160)"
2333,CryptoPunk 3845,60.69,"($223,396)"
2334,CryptoPunk 3845,60.69,"($230,472)"
2335,CryptoPunk 3845,75,"($296,281)"
2336,CryptoPunk 3845,90,"($375,194)"
2337,CryptoPunk 3845,218,"($704,857)"
2338,CryptoPunk 3845,20.21,"($46,983)"
2339,CryptoPunk 3845,20.21,"($46,983)"
2340,CryptoPunk 3845,19,"($41,214)"
2341,CryptoPunk 3845,19,"($40,787)"
2342,CryptoPunk 3845,17,"($36,091)"
2343,CryptoPunk 3845,17,"($36,091)"
2344,CryptoPunk 3845,22.22,"($56,413)"
2345,CryptoPunk 3845,25,"($97,219)"
2346,CryptoPunk 3845,28.78,"($83,037)"
2347,CryptoPunk 3845,32,"($68,798)"
2348,CryptoPunk 3845,9.99,"($13,531)"
2349,CryptoPunk 3845,5.82,"($2,115)"
2350,CryptoPunk 3845,5.82,"($1,371)"
2351,CryptoPunk 3845,1.67,($452)
2352,CryptoPunk 3845,0.65,($176)
2353,CryptoPunk 3845,0.5,($123)
2354,CryptoPunk 3845,0.65,($153)
2355,CryptoPunk 3845,0.6,($141)
2356,CryptoPunk 3845,0.5,($115)
2357,CryptoPunk 3845,0.79,($144)
2358,CryptoPunk 3845,0.11,($67)
2359,CryptoPunk 3845,0.11,($79)
2360,CryptoPunk 3845,0.2,($170)
2361,CryptoPunk 3845,1,"($1,170)"
2362,CryptoPunk 3845,0.25,($288)
2363,CryptoPunk 3845,0.4,($274)
2364,CryptoPunk 3845,10,"($1,971)"
2365,CryptoPunk 927,77.95,"($300,454)"
2366,CryptoPunk 927,97,"($444,923)"
2367,CryptoPunk 927,116,"($521,934)"
2368,CryptoPunk 927,129,"($541,217)"
2369,CryptoPunk 927,165,"($637,380)"
2370,CryptoPunk 927,0.65,($88)
2371,CryptoPunk 927,0.65,($86)
2372,CryptoPunk 1181,77.97,"($237,085)"
2373,CryptoPunk 1181,62,"($253,892)"
2374,CryptoPunk 1181,62,"($251,404)"
2375,CryptoPunk 1181,51.31,"($204,223)"
2376,CryptoPunk 1181,51.31,"($205,822)"
2377,CryptoPunk 1181,65,"($261,087)"
2378,CryptoPunk 1181,100,"($396,678)"
2379,CryptoPunk 1181,90,"($387,191)"
2380,CryptoPunk 1181,115,"($530,349)"
2381,CryptoPunk 1181,133.33,"($627,803)"
2382,CryptoPunk 1181,130,"($519,176)"
2383,CryptoPunk 1181,936,($3.3M)
